,Symbol,Name,Buy,Analyst,Analyst_Numeric,Analyst_String
0,AADI,Aadi Bioscience Inc. Common Stock,0,Hold,,
1,ACRS,Aclaris Therapeutics Inc. Common Stock,0,Hold,,
2,ADSE,ADS-TEC ENERGY PLC Ordinary Shares,0,Hold,,
3,AIRS,AirSculpt Technologies Inc. Common Stock,0,Hold,,
4,ALLR,Allarity Therapeutics Inc. Common Stock,0,Hold,,
5,ALVR,AlloVir Inc. Common Stock,0,Hold,,
6,AMCX,AMC Networks Inc. Class A Common Stock,0,Hold,,
7,APDN,Applied DNA Sciences Inc. Common Stock,0,Hold,,
8,APOG,Apogee Enterprises Inc. Common Stock,0,Hold,,
9,APPN,Appian Corporation Class A Common Stock,0,Hold,,
10,AQB,AquaBounty Technologies Inc. Common Stock,0,Hold,,
11,ARBK,Argo Blockchain plc American Depositary Shares,0,Hold,,
12,AROW,Arrow Financial Corporation Common Stock,0,Hold,,
13,ASTE,Astec Industries Inc. Common Stock,0,Hold,,
14,ATHA,Athira Pharma Inc. Common Stock,0,Hold,,
15,ATRO,Astronics Corporation Common Stock,0,Hold,,
16,AUDC,AudioCodes Ltd. Common Stock,0,Hold,,
17,AUR,Aurora Innovation Inc. Class A Common Stock,0,Hold,,
18,AUUD,Auddia Inc. Common Stock,0,Hold,,
19,AVAH,Aveanna Healthcare Holdings Inc. Common Stock,0,Hold,,
20,AVIR,Atea Pharmaceuticals Inc. Common Stock,0,Hold,,
21,AVT,Avnet Inc. Common Stock,0,Hold,,
22,AVTE,Aerovate Therapeutics Inc. Common Stock,0,Hold,,
23,AWH,Aspira Women's Health Inc. Common Stock,0,Hold,,
24,AY,Atlantica Sustainable Infrastructure plc Ordinary Shares,0,Hold,,
25,BANF,BancFirst Corporation Common Stock,0,Hold,,
26,BFC,Bank First Corporation Common Stock,0,Hold,,
27,BHF,Brighthouse Financial Inc. Common Stock,0,Hold,,
28,BHIL,Benson Hill Inc. Common Stock,0,Hold,,
29,BHRB,Burke & Herbert Financial Services Corp. Common Stock,0,Hold,,
30,BIRD,Allbirds Inc. Class A Common Stock,0,Hold,,
31,BLDP,Ballard Power Systems Inc. Common Shares,0,Hold,,
32,BLFY,Blue Foundry Bancorp Common Stock,0,Hold,,
33,BOLT,Bolt Biotherapeutics Inc. Common Stock,0,Hold,,
34,BPRN,Princeton Bancorp Inc. Common Stock (PA),0,Hold,,
35,BYND,Beyond Meat Inc. Common Stock,0,Hold,,
36,CAC,Camden National Corporation Common Stock,0,Hold,,
37,CACC,Credit Acceptance Corporation Common Stock,0,Hold,,
38,CATY,Cathay General Bancorp Common Stock,0,Hold,,
39,CBAN,Colony Bankcorp Inc. Common Stock,0,Hold,,
40,CBFV,CB Financial Services Inc. Common Stock,0,Hold,,
41,CBRL,Cracker Barrel Old Country Store Inc Common Stock,0,Hold,,
42,CDLX,Cardlytics Inc. Common Stock,0,Hold,,
43,CFFN,Capitol Federal Financial Inc. Common Stock,0,Hold,,
44,CGBD,Carlyle Secured Lending Inc. Common Stock,0,Hold,,
45,CGC,Canopy Growth Corporation Common Shares,0,Hold,,
46,CGNT,Cognyte Software Ltd. Ordinary Shares,0,Hold,,
47,CHCO,City Holding Company Common Stock,0,Hold,,
48,CHUY,Chuy's Holdings Inc. Common Stock,0,Hold,,
49,CMAX,CareMax Inc. Class A Common Stock,0,Hold,,
50,CMCT,Creative Media & Community Trust Corporation Common stock,0,Hold,,
51,CMLS,Cumulus Media Inc. Class A Common Stock,0,Hold,,
52,CNSL,Consolidated Communications Holdings Inc. Common Stock,0,Hold,,
53,CNXN,PC Connection Inc. Common Stock,0,Hold,,
54,CODX,Co-Diagnostics Inc. Common Stock,0,Hold,,
55,COEP,Coeptis Therapeutics Holdings Inc. Common Stock,0,Hold,,
56,COFS,ChoiceOne Financial Services Inc. Common Stock,0,Hold,,
57,COMM,CommScope Holding Company Inc. Common Stock,0,Hold,,
58,CPTN,Cepton Inc. Common Stock,0,Hold,,
59,CRCT,Cricut Inc. Class A Common Stock,0,Hold,,
60,CRMT,America's Car-Mart Inc Common Stock,0,Hold,,
61,CTNT,Cheetah Net Supply Chain Service Inc. Class A Common Stock,0,Hold,,
62,CZNC,Citizens & Northern Corp Common Stock,0,Hold,,
63,DGICA,Donegal Group Inc. Class A Common Stock,0,Hold,,
64,DHC,Diversified Healthcare Trust Common Shares of Beneficial Interest,0,Hold,,
65,DLTH,Duluth Holdings Inc. Class B Common Stock,0,Hold,,
66,DTI,Drilling Tools International Corporation Common Stock,0,Hold,,
67,EBMT,Eagle Bancorp Montana Inc. Common Stock,0,Hold,,
68,EGBN,Eagle Bancorp Inc. Common Stock,0,Hold,,
69,EHTH,eHealth Inc. Common Stock,0,Hold,,
70,EMBC,Embecta Corp. Common Stock,0,Hold,,
71,ERIC,Ericsson American Depositary Shares,0,Hold,,
72,ESGR,Enstar Group Limited Ordinary Shares,0,Hold,,
73,ESLT,Elbit Systems Ltd. Ordinary Shares,0,Hold,,
74,EXAI,Exscientia Plc American Depositary Shares,0,Hold,,
75,FAST,Fastenal Company Common Stock,0,Hold,,
76,FCBC,First Community Bankshares Inc. (VA) Common Stock,0,Hold,,
77,FCEL,FuelCell Energy Inc. Common Stock,0,Hold,,
78,FFBC,First Financial Bancorp. Common Stock,0,Hold,,
79,FFIN,First Financial Bankshares Inc. Common Stock,0,Hold,,
80,FFIV,F5 Inc. Common Stock,0,Hold,,
81,FGBI,First Guaranty Bancshares Inc. Common Stock,0,Hold,,
82,FHB,First Hawaiian Inc. Common Stock,0,Hold,,
83,FISI,Financial Institutions Inc. Common Stock,0,Hold,,
84,FLIC,First of Long Island Corporation (The) Common Stock,0,Hold,,
85,FLNT,Fluent Inc. Common Stock,0,Hold,,
86,FMAO,Farmers & Merchants Bancorp Inc. Common Stock,0,Hold,,
87,FNWB,First Northwest Bancorp Common Stock,0,Hold,,
88,FORR,Forrester Research Inc. Common Stock,0,Hold,,
89,FSUN,FirstSun Capital Bancorp Common Stock,0,Hold,,
90,FUNC,First United Corporation Common Stock,0,Hold,,
91,FVCB,FVCBankcorp Inc. Common Stock,0,Hold,,
92,GAN,GAN Limited Ordinary Shares,0,Hold,,
93,GECC,Great Elm Capital Corp. Common Stock,0,Hold,,
94,GIII,G-III Apparel Group LTD. Common Stock,0,Hold,,
95,GIPR,Generation Income Properties Inc. Common Stock,0,Hold,,
96,GLRE,Greenlight Capital Re Ltd. Class A Ordinary Shares,0,Hold,,
97,GPRO,GoPro Inc. Class A Common Stock,0,Hold,,
98,GRFS,Grifols S.A. American Depositary Shares,0,Hold,,
99,GRYP,Gryphon Digital Mining Inc Common Stock,0,Hold,,
100,GSBC,Great Southern Bancorp Inc. Common Stock,0,Hold,,
101,GYRE,Gyre Therapeutics Inc. Common Stock,0,Hold,,
102,HAYN,Haynes International Inc. Common Stock,0,Hold,,
103,HBT,HBT Financial Inc. Common Stock,0,Hold,,
104,HLNE,Hamilton Lane Incorporated Class A Common Stock,0,Hold,,
105,HLVX,HilleVax Inc. Common Stock,0,Hold,,
106,HRZN,Horizon Technology Finance Corporation Common Stock,0,Hold,,
107,HTLD,Heartland Express Inc. Common Stock,0,Hold,,
108,HTZ,Hertz Global Holdings Inc Common Stock,0,Hold,,
109,HYFM,Hydrofarm Holdings Group Inc. Common Stock,0,Hold,,
110,IART,Integra LifeSciences Holdings Corporation Common Stock,0,Hold,,
111,IBCP,Independent Bank Corporation Common Stock,0,Hold,,
112,ICMB,Investcorp Credit Management BDC Inc. Common Stock,0,Hold,,
113,IHRT,iHeartMedia Inc. Class A Common Stock,0,Hold,,
114,INBX,Inhibrx Biosciences Inc. Common Stock,0,Hold,,
115,INFN,Infinera Corporation Common Stock,0,Hold,,
116,INGN,Inogen Inc Common Stock,0,Hold,,
117,INNV,InnovAge Holding Corp. Common Stock,0,Hold,,
118,INSG,Inseego Corp. Common Stock,0,Hold,,
119,INTC,Intel Corporation Common Stock,0,Hold,,
120,INVO,INVO BioScience Inc. Common Stock,0,Hold,,
121,IRBT,iRobot Corporation Common Stock,0,Hold,,
122,IRIX,IRIDEX Corporation Common Stock,0,Hold,,
123,IVAC,Intevac Inc. Common Stock,0,Hold,,
124,JBLU,JetBlue Airways Corporation Common Stock,0,Hold,,
125,KALU,Kaiser Aluminum Corporation Common Stock,0,Hold,,
126,KOD,Kodiak Sciences Inc Common Stock,0,Hold,,
127,KPLT,Katapult Holdings Inc. Common Stock,0,Hold,,
128,KRNY,Kearny Financial Corp Common Stock,0,Hold,,
129,LCID,Lucid Group Inc. Common Stock,0,Hold,,
130,LCNB,LCNB Corporation Common Stock,0,Hold,,
131,LGIH,LGI Homes Inc. Common Stock,0,Hold,,
132,LIDR,AEye Inc. Class A Common Stock,0,Hold,,
133,LIEN,Chicago Atlantic BDC Inc. Common Stock,0,Hold,,
134,LOAN,Manhattan Bridge Capital Inc,0,Hold,,
135,LOGC,ContextLogic Inc. Class A Common Stock,0,Hold,,
136,LOT,Lotus Technology Inc. American Depositary Shares,0,Hold,,
137,LPSN,LivePerson Inc. Common Stock,0,Hold,,
138,LUXH,LuxUrban Hotels Inc. Common Stock,0,Hold,,
139,LVLU,Lulu's Fashion Lounge Holdings Inc. Common Stock,0,Hold,,
140,MAXN,Maxeon Solar Technologies Ltd. Ordinary Shares,0,Hold,,
141,MBCN,Middlefield Banc Corp. Common Stock,0,Hold,,
142,MCBS,MetroCity Bankshares Inc. Common Stock,0,Hold,,
143,MCRI,Monarch Casino & Resort Inc. Common Stock,0,Hold,,
144,MEIP,MEI Pharma Inc. Common Stock,0,Hold,,
145,MERC,Mercer International Inc. Common Stock,0,Hold,,
146,MGEE,MGE Energy Inc,0,Hold,,
147,MIGI,Mawson Infrastructure Group Inc. Common Stock,0,Hold,,
148,MLKN,MillerKnoll Inc. Common Stock,0,Hold,,
149,MMLP,Martin Midstream Partners L.P. Limited Partnership,0,Hold,,
150,MNRO,Monro Inc. Common Stock,0,Hold,,
151,MNTK,Montauk Renewables Inc. Common Stock,0,Hold,,
152,MNTX,Manitex International Inc. Common Stock,0,Hold,,
153,MRCY,Mercury Systems Inc Common Stock,0,Hold,,
154,MSBI,Midland States Bancorp Inc. Common Stock,0,Hold,,
155,MSGM,Motorsport Games Inc. Class A Common Stock,0,Hold,,
156,MTTR,Matterport Inc. Class A Common Stock,0,Hold,,
157,MVIS,MicroVision Inc. Common Stock,0,Hold,,
158,NAVI,Navient Corporation Common Stock,0,Hold,,
159,NECB,NorthEast Community Bancorp Inc. Common Stock,0,Hold,,
160,NERV,Minerva Neurosciences Inc Common Stock,0,Hold,,
161,NEWT,NewtekOne Inc. Common Stock,0,Hold,,
162,NFBK,Northfield Bancorp Inc. Common Stock (Delaware),0,Hold,,
163,NIU,Niu Technologies American Depositary Shares,0,Hold,,
164,NKSH,National Bankshares Inc. Common Stock,0,Hold,,
165,NTCT,NetScout Systems Inc. Common Stock,0,Hold,,
166,NTRP,NextTrip Inc. Common Stock,0,Hold,,
167,NTRS,Northern Trust Corporation Common Stock,0,Hold,,
168,NWBI,Northwest Bancshares Inc. Common Stock,0,Hold,,
169,NWL,Newell Brands Inc. Common Stock,0,Hold,,
170,NXU,Nxu Inc. Class A Common Stock,0,Hold,,
171,NYAX,Nayax Ltd. Ordinary Shares,0,Hold,,
172,OFS,OFS Capital Corporation Common Stock,0,Hold,,
173,OLPX,Olaplex Holdings Inc. Common Stock,0,Hold,,
174,OMER,Omeros Corporation Common Stock,0,Hold,,
175,OPHC,OptimumBank Holdings Inc. Common Stock,0,Hold,,
176,ORMP,Oramed Pharmaceuticals Inc. Common Stock,0,Hold,,
177,OTTR,Otter Tail Corporation Common Stock,0,Hold,,
178,OXSQ,Oxford Square Capital Corp. Common Stock,0,Hold,,
179,OZK,Bank OZK Common Stock,0,Hold,,
180,PAHC,Phibro Animal Health Corporation Class A Common Stock,0,Hold,,
181,PALT,Paltalk Inc. Common Stock,0,Hold,,
182,PARA,Paramount Global Class B Common Stock,0,Hold,,
183,PARAA,Paramount Global Class A Common Stock,0,Hold,,
184,PAX,Patria Investments Limited Class A Common Shares,0,Hold,,
185,PAYX,Paychex Inc. Common Stock,0,Hold,,
186,PBYI,Puma Biotechnology Inc Common Stock,0,Hold,,
187,PCB,PCB Bancorp Common Stock,0,Hold,,
188,PETS,PetMed Express Inc. Common Stock,0,Hold,,
189,PFG,Principal Financial Group Inc Common Stock,0,Hold,,
190,PFIS,Peoples Financial Services Corp. Common Stock,0,Hold,,
191,PFX,PhenixFIN Corporation Common Stock,0,Hold,,
192,PINC,Premier Inc. Class A Common Stock,0,Hold,,
193,PKOH,Park-Ohio Holdings Corp. Common Stock,0,Hold,,
194,PLCE,Children's Place Inc. (The) Common Stock,0,Hold,,
195,PROC,Procaps Group S.A. Ordinary Shares,0,Hold,,
196,PROV,Provident Financial Holdings Inc. Common Stock,0,Hold,,
197,PSNY,Polestar Automotive Holding UK PLC Class A ADS,0,Hold,,
198,PTSI,P.A.M. Transportation Services Inc. Common Stock,0,Hold,,
199,PVBC,Provident Bancorp Inc. (MD) Common Stock,0,Hold,,
200,QMCO,Quantum Corporation Common Stock,0,Hold,,
201,QRTEA,Qurate Retail Inc. Series A Common Stock ,0,Hold,,
202,RBB,RBB Bancorp Common Stock,0,Hold,,
203,RCKY,Rocky Brands Inc. Common Stock,0,Hold,,
204,RCON,Recon Technology Ltd. Class A Ordinary Shares,0,Hold,,
205,RDI,Reading International Inc Class A Common Stock,0,Hold,,
206,RDUS,Radius Recycling Inc. Class A Common Stock,0,Hold,,
207,RGP,Resources Connection Inc. Common Stock,0,Hold,,
208,RSLS,ReShape Lifesciences Inc. Common Stock,0,Hold,,
209,RUM,Rumble Inc. Class A Common Stock,0,Hold,,
210,RVYL,Ryvyl Inc. Common Stock,0,Hold,,
211,RXT,Rackspace Technology Inc. Common Stock,0,Hold,,
212,SAFT,Safety Insurance Group Inc. Common Stock,0,Hold,,
213,SANM,Sanmina Corporation Common Stock,0,Hold,,
214,SASR,Sandy Spring Bancorp Inc. Common Stock,0,Hold,,
215,SBGI,Sinclair Inc. Class A Common Stock,0,Hold,,
216,SBSI,Southside Bancshares Inc. Common Stock,0,Hold,,
217,SCSC,ScanSource Inc. Common Stock,0,Hold,,
218,SCWX,SecureWorks Corp. Class A Common Stock,0,Hold,,
219,SFIX,Stitch Fix Inc. Class A Common Stock,0,Hold,,
220,SFNC,Simmons First National Corporation Class A Common Stock,0,Hold,,
221,SFST,Southern First Bancshares Inc. Common Stock,0,Hold,,
222,SHBI,Shore Bancshares Inc Common Stock,0,Hold,,
223,SHCR,Sharecare Inc. Class A Common Stock,0,Hold,,
224,SHIM,Shimmick Corporation Common Stock,0,Hold,,
225,SILC,Silicom Ltd Ordinary Shares,0,Hold,,
226,SKIN,The Beauty Health Company Class A Common Stock,0,Hold,,
227,SLDP,Solid Power Inc. Class A Common Stock,0,Hold,,
228,SLRC,SLR Investment Corp. Common Stock,0,Hold,,
229,SNBR,Sleep Number Corporation Common Stock,0,Hold,,
230,SND,Smart Sand Inc. Common Stock,0,Hold,,
231,SOHO,Sotherly Hotels Inc. Common Stock,0,Hold,,
232,SOND,Sonder Holdings Inc. Class A Common Stock,0,Hold,,
233,SQFT,Presidio Property Trust Inc. Class A Common Stock,0,Hold,,
234,SRCE,1st Source Corporation Common Stock,0,Hold,,
235,SRCL,Stericycle Inc. Common Stock,0,Hold,,
236,STBA,S&T Bancorp Inc. Common Stock,0,Hold,,
237,STRL,Sterling Infrastructure Inc. Common Stock,0,Hold,,
238,SVC,Service Properties Trust Common Stock,0,Hold,,
239,SYBX,Synlogic Inc. Common Stock,0,Hold,,
240,SYTA,Siyata Mobile Inc. Common Shares,0,Hold,,
241,TBNK,Territorial Bancorp Inc. Common Stock,0,Hold,,
242,TCPC,BlackRock TCP Capital Corp. Common Stock,0,Hold,,
243,TFIN,Triumph Financial Inc. Common Stock,0,Hold,,
244,TFSL,TFS Financial Corporation Common Stock,0,Hold,,
245,TH,Target Hospitality Corp. Common Stock,0,Hold,,
246,THFF,First Financial Corporation Indiana Common Stock,0,Hold,,
247,TIGR,UP Fintech Holding Ltd American Depositary Share representing fifteen Class A Ordinary Shares,0,Hold,,
248,TMCI,Treace Medical Concepts Inc. Common Stock,0,Hold,,
249,TRIP,TripAdvisor Inc. Common Stock,0,Hold,,
250,TROW,T. Rowe Price Group Inc. Common Stock,0,Hold,,
251,TRVG,trivago N.V. American Depositary Shares,0,Hold,,
252,TTOO,T2 Biosystems Inc. Common Stock,0,Hold,,
253,TWKS,Thoughtworks Holding Inc. Common Stock,0,Hold,,
254,UEIC,Universal Electronics Inc. Common Stock,0,Hold,,
255,ULCC,Frontier Group Holdings Inc. Common Stock,0,Hold,,
256,ULH,Universal Logistics Holdings Inc. Common Stock,0,Hold,,
257,UPST,Upstart Holdings Inc. Common stock,0,Hold,,
258,UVSP,Univest Financial Corporation Common Stock,0,Hold,,
259,VERO,Venus Concept Inc. Common Stock,0,Hold,,
260,VICR,Vicor Corporation Common Stock,0,Hold,,
261,VS,Versus Systems Inc. Common Shares,0,Hold,,
262,VSTA,Vasta Platform Limited Class A Ordinary Shares,0,Hold,,
263,VTNR,Vertex Energy Inc Common Stock,0,Hold,,
264,VTRS,Viatris Inc. Common Stock,0,Hold,,
265,WABC,Westamerica Bancorporation Common Stock,0,Hold,,
266,WASH,Washington Trust Bancorp Inc. Common Stock,0,Hold,,
267,WBA,Walgreens Boots Alliance Inc. Common Stock,0,Hold,,
268,WERN,Werner Enterprises Inc. Common Stock,0,Hold,,
269,WINT,Windtree Therapeutics Inc. Common Stock,0,Hold,,
270,WKHS,Workhorse Group Inc. Common Stock,0,Hold,,
271,WNEB,Western New England Bancorp Inc. Common Stock,0,Hold,,
272,WRLD,World Acceptance Corporation Common Stock,0,Hold,,
273,WTBA,West Bancorporation Common Stock,0,Hold,,
274,WW,WW International Inc. Common Stock,0,Hold,,
275,XBIO,Xenetic Biosciences Inc. Common Stock,0,Hold,,
276,ZENV,Zenvia Inc. Class A Common Stock,0,Hold,,
277,ZEUS,Olympic Steel Inc. Common Stock,0,Hold,,
278,ZIMV,ZimVie Inc. Common Stock,0,Hold,,
279,ZUMZ,Zumiez Inc. Common Stock,0,Hold,,
280,AMRN,Amarin Corporation plc,0,Sell,,
281,CALM,Cal-Maine Foods Inc. Common Stock,0,Sell,,
282,DOYU,DouYu International Holdings Limited ADS,0,Sell,,
283,FGEN,FibroGen Inc Common Stock,0,Sell,,
284,ME,23andMe Holding Co. Class A Common Stock,0,Sell,,
285,UFCS,United Fire Group Inc. Common Stock,0,Sell,,
286,XRX,Xerox Holdings Corporation Common Stock,0,Sell,,
287,ABAT,American Battery Technology Company Common Stock,,,0.0,Strong Sell
288,APLM,Apollomics Inc. Class A Ordinary Shares,,,0.0,Strong Sell
289,ARBB,ARB IOT Group Limited Ordinary Shares,,,0.0,Strong Sell
290,CHEK,Check-Cap Ltd. Ordinary Share,,,0.0,Strong Sell
291,ENSC,Ensysce Biosciences Inc. Common Stock,,,0.0,Strong Sell
292,ESSA,ESSA Bancorp Inc. Common Stock,,,0.0,Strong Sell
293,FIZZ,National Beverage Corp. Common Stock,,,0.0,Strong Sell
294,FNGR,FingerMotion Inc. Common Stock,,,0.0,Strong Sell
295,KITT,Nauticus Robotics Inc. Common stock,,,0.0,Strong Sell
296,KVHI,KVH Industries Inc. Common Stock,,,0.0,Strong Sell
297,KWE,KWESST Micro Systems Inc. Common Stock,,,0.0,Strong Sell
298,MBIO,Mustang Bio Inc. Common Stock,,,0.0,Strong Sell
299,NVVE,Nuvve Holding Corp. Common Stock,,,0.0,Strong Sell
300,ONCO,Onconetix Inc. Common Stock,,,0.0,Strong Sell
301,ORGS,Orgenesis Inc. Common Stock,,,0.0,Strong Sell
302,PEGY,Pineapple Energy Inc. Common Stock,,,0.0,Strong Sell
303,PRTG,Portage Biotech Inc. Common Stock,,,0.0,Strong Sell
304,PSEC,Prospect Capital Corporation Common Stock,,,0.0,Strong Sell
305,QSG,QuantaSing Group Limited American Depositary Shares,,,0.0,Strong Sell
306,RGS,Regis Corporation Common Stock,,,0.0,Strong Sell
307,RIME,Algorhythm Holdings Inc. Common Stock,,,0.0,Strong Sell
308,SEEL,Seelos Therapeutics Inc. Common Stock,,,0.0,Strong Sell
309,SLRX,Salarius Pharmaceuticals Inc. Common Stock,,,0.0,Strong Sell
310,SUUN,SolarBank Corporation Common Stock,,,0.0,Strong Sell
311,TCBP,TC BioPharm (Holdings) plc American Depositary Shares,,,0.0,Strong Sell
312,TOI,The Oncology Institute Inc. Common Stock,,,0.0,Strong Sell
313,TRST,TrustCo Bank Corp NY Common Stock,,,0.0,Strong Sell
314,VRM,Vroom Inc. Common Stock,,,0.0,Strong Sell
315,AAP,Advance Auto Parts Inc.,0,Hold,,
316,AAT,American Assets Trust Inc. Common Stock,0,Hold,,
317,ABR,Arbor Realty Trust Common Stock,0,Hold,,
318,ACRE,Ares Commercial Real Estate Corporation Common Stock,0,Hold,,
319,ADM,Archer-Daniels-Midland Company Common Stock,0,Hold,,
320,AFL,AFLAC Incorporated Common Stock,0,Hold,,
321,AGR,Avangrid Inc. Common Stock,0,Hold,,
322,ALLE,Allegion plc Ordinary Shares,0,Hold,,
323,ALSN,Allison Transmission Holdings Inc. Common Stock,0,Hold,,
324,AMBP,Ardagh Metal Packaging S.A. Ordinary Shares,0,Hold,,
325,AMC,AMC Entertainment Holdings Inc. Class A Common Stock,0,Hold,,
326,APAM,Artisan Partners Asset Management Inc. Class A Common Stock,0,Hold,,
327,ARI,Apollo Commercial Real Estate Finance Inc,0,Hold,,
328,ARR,ARMOUR Residential REIT Inc.,0,Hold,,
329,ARW,Arrow Electronics Inc. Common Stock,0,Hold,,
330,ASAN,Asana Inc. Class A Common Stock,0,Hold,,
331,ATIP,ATI Physical Therapy Inc. Class A Common Stock,0,Hold,,
332,ATUS,Altice USA Inc. Class A Common Stock,0,Hold,,
333,AVA,Avista Corporation Common Stock,0,Hold,,
334,BALY,Bally's Corporation Common Stock,0,Hold,,
335,BCH,Banco De Chile ADS,0,Hold,,
336,BEN,Franklin Resources Inc. Common Stock,0,Hold,,
337,BGS,B&G Foods Inc. Common Stock,0,Hold,,
338,BHC,Bausch Health Companies Inc. Common Stock,0,Hold,,
339,BIT,BlackRock Multi-Sector Income Trust Common Shares of Beneficial Interest,0,Hold,,
340,BKH,Black Hills Corporation Common Stock,0,Hold,,
341,BKU,BankUnited Inc. Common Stock,0,Hold,,
342,BMA,Banco Macro S.A.  ADR (representing Ten Class B Common Shares),0,Hold,,
343,BNED,Barnes & Noble Education Inc Common Stock,0,Hold,,
344,BNS,Bank Nova Scotia Halifax Pfd 3 Ordinary Shares,0,Hold,,
345,BSM,Black Stone Minerals L.P. Common units representing limited partner interests,0,Hold,,
346,BTCM,BIT Mining Limited ADS,0,Hold,,
347,BVN,Buenaventura Mining Company Inc.,0,Hold,,
348,CAPL,CrossAmerica Partners LP Common Units representing limited partner interests,0,Hold,,
349,CCRD,CoreCard Corporation Common Stock,0,Hold,,
350,CCS,Century Communities Inc. Common Stock,0,Hold,,
351,CCU,Compania Cervecerias Unidas S.A. Common Stock,0,Hold,,
352,CEPU,Central Puerto S.A. American Depositary Shares (each represents ten Common Shares),0,Hold,,
353,CHGG,Chegg Inc. Common Stock,0,Hold,,
354,CHT,Chunghwa Telecom Co. Ltd.,0,Hold,,
355,CIB,BanColombia S.A. Common Stock,0,Hold,,
356,CION,CION Investment Corporation Common Stock,0,Hold,,
357,CLB,Core Laboratories Inc. Common Stock,0,Hold,,
358,CLF,Cleveland-Cliffs Inc. Common Stock,0,Hold,,
359,CLW,Clearwater Paper Corporation Common Stock,0,Hold,,
360,CLX,Clorox Company (The) Common Stock,0,Hold,,
361,CMRE,Costamare Inc. Common Stock $0.0001 par value,0,Hold,,
362,CMTG,Claros Mortgage Trust Inc. Common Stock,0,Hold,,
363,CNA,CNA Financial Corporation Common Stock,0,Hold,,
364,CNS,Cohen & Steers Inc Common Stock,0,Hold,,
365,CNX,CNX Resources Corporation Common Stock,0,Hold,,
366,CRI,Carter's Inc. Common Stock,0,Hold,,
367,CRK,Comstock Resources Inc. Common Stock,0,Hold,,
368,CTS,CTS Corporation Common Stock,0,Hold,,
369,CURV,Torrid Holdings Inc. Common Stock,0,Hold,,
370,DAN,Dana Incorporated Common Stock ,0,Hold,,
371,DBI,Designer Brands Inc. Class A Common Stock,0,Hold,,
372,DEA,Easterly Government Properties Inc. Common Stock,0,Hold,,
373,DK,Delek US Holdings Inc. Common Stock,0,Hold,,
374,DM,Desktop Metal Inc. Class A Common Stock,0,Hold,,
375,DNA,Ginkgo Bioworks Holdings Inc. Class A Common Stock,0,Hold,,
376,DNMR,Danimer Scientific Inc. Common Stock,0,Hold,,
377,DSX,Diana Shipping inc. common stock,0,Hold,,
378,DTC,Solo Brands Inc. Class A Common Stock,0,Hold,,
379,DXC,DXC Technology Company Common Stock ,0,Hold,,
380,EAF,GrafTech International Ltd. Common Stock,0,Hold,,
381,EC,Ecopetrol S.A. American Depositary Shares,0,Hold,,
382,ED,Consolidated Edison Inc. Common Stock,0,Hold,,
383,EHAB,Enhabit Inc. Common Stock,0,Hold,,
384,ENV,Envestnet Inc Common Stock,0,Hold,,
385,EQNR,Equinor ASA,0,Hold,,
386,ESRT,Empire State Realty Trust Inc. Class A Common Stock,0,Hold,,
387,ETD,Ethan Allen Interiors Inc. Common Stock,0,Hold,,
388,ETWO,E2open Parent Holdings Inc.Class A Common Stock,0,Hold,,
389,EVRI,Everi Holdings Inc. Common Stock,0,Hold,,
390,EXPD,Expeditors International of Washington Inc. Common Stock,0,Hold,,
391,FG,F&G Annuities & Life Inc. Common Stock,0,Hold,,
392,FIGS,FIGS Inc. Class A Common Stock,0,Hold,,
393,FL,Foot Locker Inc.,0,Hold,,
394,FLNG,FLEX LNG Ltd. Ordinary Shares,0,Hold,,
395,FLO,Flowers Foods Inc. Common Stock,0,Hold,,
396,FMS,Fresenius Medical Care AG American Depositary Shares (Each representing 1/2 of an Ordinary Share),0,Hold,,
397,FREY,FREYR Battery Inc. Common Stock,0,Hold,,
398,FSLY,Fastly Inc. Class A Common Stock,0,Hold,,
399,FTS,Fortis Inc. Common Shares,0,Hold,,
400,GATX,GATX Corporation Common Stock,0,Hold,,
401,GBLI,Global Indemnity Group LLC Class A Common Stock (DE),0,Hold,,
402,GCO,Genesco Inc. Common Stock,0,Hold,,
403,GDOT,Green Dot Corporation Class A Common Stock $0.001 par value,0,Hold,,
404,GIC,Global Industrial Company Common Stock,0,Hold,,
405,GNW,Genworth Financial Inc Common Stock,0,Hold,,
406,GOTU,Gaotu Techedu Inc. American Depositary Shares,0,Hold,,
407,GRBK,Green Brick Partners Inc. Common Stock,0,Hold,,
408,GRMN,Garmin Ltd. Common Stock (Switzerland),0,Hold,,
409,GSBD,Goldman Sachs BDC Inc. Common Stock,0,Hold,,
410,GVA,Granite Construction Incorporated Common Stock,0,Hold,,
411,HBI,Hanesbrands Inc. Common Stock,0,Hold,,
412,HE,Hawaiian Electric Industries Inc. Common Stock,0,Hold,,
413,HGTY,Hagerty Inc. Class A Common Stock,0,Hold,,
414,HLI,Houlihan Lokey Inc. Class A Common Stock,0,Hold,,
415,HOUS,Anywhere Real Estate Inc. Common Stock,0,Hold,,
416,HOV,Hovnanian Enterprises Inc. Class A Common Stock,0,Hold,,
417,HRL,Hormel Foods Corporation Common Stock,0,Hold,,
418,HTH,Hilltop Holdings Inc.,0,Hold,,
419,HYLN,Hyliion Holdings Corp. Class A Common Stock,0,Hold,,
420,ICL,ICL Group Ltd. Ordinary Shares,0,Hold,,
421,IDA,IDACORP Inc. Common Stock,0,Hold,,
422,IHG,Intercontinental Hotels Group American Depositary Shares (Each representing one Ordinary Share),0,Hold,,
423,INST,Instructure Holdings Inc. Common Stock,0,Hold,,
424,INVX,Innovex International Inc. Common Stock,0,Hold,,
425,IPG,Interpublic Group of Companies Inc. (The) Common Stock,0,Hold,,
426,ITW,Illinois Tool Works Inc. Common Stock,0,Hold,,
427,IVZ,Invesco Ltd Common Stock,0,Hold,,
428,IX,Orix Corp Ads Common Stock,0,Hold,,
429,JBGS,JBG SMITH Properties Common Shares ,0,Hold,,
430,JELD,JELD-WEN Holding Inc. Common Stock,0,Hold,,
431,JHG,Janus Henderson Group plc Ordinary Shares,0,Hold,,
432,JKS,JinkoSolar Holding Company Limited American Depositary Shares (each representing 4 Common Shares),0,Hold,,
433,JWN,Nordstrom Inc. Common Stock,0,Hold,,
434,KBH,KB Home Common Stock,0,Hold,,
435,KIND,Nextdoor Holdings Inc. Class A Common Stock,0,Hold,,
436,KLG,WK Kellogg Co Common Stock,0,Hold,,
437,KMT,Kennametal Inc. Common Stock,0,Hold,,
438,KN,Knowles Corporation Common Stock,0,Hold,,
439,KRO,Kronos Worldwide Inc Common Stock,0,Hold,,
440,KSS,Kohl's Corporation Common Stock,0,Hold,,
441,KW,Kennedy-Wilson Holdings Inc. Common Stock,0,Hold,,
442,LANV,Lanvin Group Holdings Limited Ordinary Shares,0,Hold,,
443,LAW,CS Disco Inc. Common Stock,0,Hold,,
444,LDI,loanDepot Inc. Class A Common Stock,0,Hold,,
445,LEG,Leggett & Platt Incorporated Common Stock,0,Hold,,
446,LEV,The Lion Electric Company Common Shares,0,Hold,,
447,LLAP,Terran Orbital Corporation Common Stock,0,Hold,,
448,LMND,Lemonade Inc. Common Stock,0,Hold,,
449,LNC,Lincoln National Corporation Common Stock,0,Hold,,
450,LOMA,Loma Negra Compania Industrial Argentina Sociedad Anonima ADS,0,Hold,,
451,LTC,LTC Properties Inc. Common Stock,0,Hold,,
452,LUMN,Lumen Technologies Inc. Common Stock,0,Hold,,
453,LZB,La-Z-Boy Incorporated Common Stock,0,Hold,,
454,MAC,Macerich Company (The) Common Stock,0,Hold,,
455,MC,Moelis & Company Class A Common Stock,0,Hold,,
456,MCR,MFS Charter Income Trust Common Stock,0,Hold,,
457,MEI,Methode Electronics Inc. Common Stock,0,Hold,,
458,MKFG,Markforged Holding Corporation Common Stock,0,Hold,,
459,MLI,Mueller Industries Inc. Common Stock,0,Hold,,
460,MMS,Maximus Inc. Common Stock,0,Hold,,
461,MPLN,MultiPlan Corporation Class A Common Stock,0,Hold,,
462,MPW,Medical Properties Trust Inc. common stock,0,Hold,,
463,MPX,Marine Products Corporation Common Stock,0,Hold,,
464,MTD,Mettler-Toledo International Inc. Common Stock,0,Hold,,
465,MTUS,Metallus Inc. Common Shares,0,Hold,,
466,MTW,Manitowoc Company Inc. (The) Common Stock,0,Hold,,
467,MYTE,MYT Netherlands Parent B.V. American Depositary Shares each representing one Ordinary Share,0,Hold,,
468,NBR,Nabors Industries Ltd.,0,Hold,,
469,NEP,NextEra Energy Partners LP Common Units representing limited partner interests,0,Hold,,
470,NEUE,NeueHealth Inc. Common Stock,0,Hold,,
471,NEXA,Nexa Resources S.A. Common Shares,0,Hold,,
472,NGL,NGL ENERGY PARTNERS LP Common Units representing Limited Partner Interests,0,Hold,,
473,NINE,Nine Energy Service Inc. Common Stock,0,Hold,,
474,NMR,Nomura Holdings Inc ADR American Depositary Shares,0,Hold,,
475,NNI,Nelnet Inc. Common Stock,0,Hold,,
476,NREF,NexPoint Real Estate Finance Inc. Common Stock,0,Hold,,
477,NSA,National Storage Affiliates Trust Common Shares of Beneficial Interest,0,Hold,,
478,NUS,Nu Skin Enterprises Inc. Common Stock,0,Hold,,
479,NVRO,Nevro Corp. Common Stock,0,Hold,,
480,NVS,Novartis AG Common Stock,0,Hold,,
481,NYC,American Strategic Investment Co. Class A Common Stock,0,Hold,,
482,ONL,Orion Office REIT Inc. Common Stock,0,Hold,,
483,ONTF,ON24 Inc. Common Stock,0,Hold,,
484,OXM,Oxford Industries Inc. Common Stock,0,Hold,,
485,PBF,PBF Energy Inc. Class A Common Stock,0,Hold,,
486,PBI,Pitney Bowes Inc. Common Stock,0,Hold,,
487,PEB,Pebblebrook Hotel Trust Common Shares of Beneficial Interest,0,Hold,,
488,PERF,Perfect Corp. Class A Ordinary Share,0,Hold,,
489,PGRE,Paramount Group Inc. Common Stock,0,Hold,,
490,PJT,PJT Partners Inc. Class A Common Stock,0,Hold,,
491,PKST,Peakstone Realty Trust Common Shares,0,Hold,,
492,PKX,POSCO HOLDINGS INC. American Depositary Shares (Each representing 1/4th of a share of Common Stock),0,Hold,,
493,PLTR,Palantir Technologies Inc. Class A Common Stock,0,Hold,,
494,PRU,Prudential Financial Inc. Common Stock,0,Hold,,
495,PSFE,Paysafe Limited Common Shares,0,Hold,,
496,QS,QuantumScape Corporation Class A Common Stock,0,Hold,,
497,RES,RPC Inc. Common Stock,0,Hold,,
498,RHI,Robert Half Inc. Common Stock,0,Hold,,
499,RKT,Rocket Companies Inc. Class A Common Stock,0,Hold,,
500,RMAX,RE/MAX Holdings Inc. Class A Common Stock,0,Hold,,
501,RNGR,Ranger Energy Services Inc. Class A Common Stock,0,Hold,,
502,RSF,RiverNorth Capital and Income Fund Common Stock,0,Hold,,
503,RXO,RXO Inc. Common Stock,0,Hold,,
504,RYI,Ryerson Holding Corporation Common Stock,0,Hold,,
505,SBH,Sally Beauty Holdings Inc. (Name to be changed from Sally Holdings Inc.) Common Stock,0,Hold,,
506,SBSW,D/B/A Sibanye-Stillwater Limited ADS,0,Hold,,
507,SES,SES AI Corporation Class A Common Stock,0,Hold,,
508,SFBS,ServisFirst Bancshares Inc. Common Stock,0,Hold,,
509,SID,Companhia Siderurgica Nacional S.A. Common Stock,0,Hold,,
510,SLVM,Sylvamo Corporation Common Stock,0,Hold,,
511,SMRT,SmartRent Inc. Class A Common Stock,0,Hold,,
512,SOLV,Solventum Corporation Common Stock,0,Hold,,
513,SPCE,Virgin Galactic Holdings Inc. Common Stock,0,Hold,,
514,SPH,Suburban Propane Partners L.P. Common Stock,0,Hold,,
515,SPNT,SiriusPoint Ltd. Common Shares,0,Hold,,
516,SWI,SolarWinds Corporation Common Stock,0,Hold,,
517,TAP,Molson Coors Beverage Company Class B Common Stock,0,Hold,,
518,TEF,Telefonica SA Common Stock,0,Hold,,
519,TIXT,TELUS International (Cda) Inc. Subordinate Voting Shares,0,Hold,,
520,TLYS,Tilly's Inc. Common Stock,0,Hold,,
521,TPVG,TriplePoint Venture Growth BDC Corp. Common Stock,0,Hold,,
522,TSE,Trinseo PLC Ordinary Shares ,0,Hold,,
523,UA,Under Armour Inc. Class C Common Stock,0,Hold,,
524,UHAL,U-Haul Holding Company Common Stock,0,Hold,,
525,UI,Ubiquiti Inc. Common Stock,0,Hold,,
526,UIS,Unisys Corporation New Common Stock,0,Hold,,
527,UNF,Unifirst Corporation Common Stock,0,Hold,,
528,UNFI,United Natural Foods Inc. Common Stock,0,Hold,,
529,USAC,USA Compression Partners LP Common Units Representing Limited Partner Interests,0,Hold,,
530,UWMC,UWM Holdings Corporation Class A Common Stock,0,Hold,,
531,VNO,Vornado Realty Trust Common Stock,0,Hold,,
532,VPG,Vishay Precision Group Inc. Common Stock,0,Hold,,
533,VRTS,Virtus Investment Partners Inc. Common Stock,0,Hold,,
534,VSCO,Victorias Secret & Co. Common Stock ,0,Hold,,
535,WIT,Wipro Limited Common Stock,0,Hold,,
536,WNC,Wabash National Corporation Common Stock,0,Hold,,
537,WOW,WideOpenWest Inc. Common Stock,0,Hold,,
538,WPC,W. P. Carey Inc. REIT,0,Hold,,
539,WTM,White Mountains Insurance Group Ltd. Common Stock,0,Hold,,
540,WTS,Watts Water Technologies Inc. Class A Common Stock,0,Hold,,
541,WU,Western Union Company (The) Common Stock,0,Hold,,
542,YSG,Yatsen Holding Limited American Depositary Shares each representing twenty (20) Class A Ordinary Shares,0,Hold,,
543,ALX,Alexander's Inc. Common Stock,,,0.0,Strong Sell
544,BBAR,Banco BBVA Argentina S.A. ADS,,,0.0,Strong Sell
545,BKE,Buckle Inc. (The) Common Stock,,,0.0,Strong Sell
546,GME,GameStop Corporation Common Stock,,,0.0,Strong Sell
547,HMY,Harmony Gold Mining Company Limited,,,0.0,Strong Sell
548,MATV,Mativ Holdings Inc. Common Stock,,,0.0,Strong Sell
549,MMI,Marcus & Millichap Inc. Common Stock,,,0.0,Strong Sell
550,NL,NL Industries Inc. Common Stock,,,0.0,Strong Sell
551,TEO,Telecom Argentina SA,,,0.0,Strong Sell
552,TGS,Transportadora de Gas del Sur SA TGS Common Stock,,,0.0,Strong Sell
553,TPL,Texas Pacific Land Corporation Common Stock,,,0.0,Strong Sell
554,VHI,Valhi Inc. Common Stock,,,0.0,Strong Sell
555,WLY,John Wiley & Sons Inc. Common Stock,,,0.0,Strong Sell
556,AAPL,Apple Inc. Common Stock,1,Strong Buy,,
557,MSFT,Microsoft Corporation Common Stock,1,Strong Buy,,
558,GOOG,Alphabet Inc. Class C Capital Stock,1,Strong Buy,,
559,GOOGL,Alphabet Inc. Class A Common Stock,1,Strong Buy,,
560,AMZN,Amazon.com Inc. Common Stock,1,Strong Buy,,
561,META,Meta Platforms Inc. Class A Common Stock,1,Strong Buy,,
562,TSLA,Tesla Inc. Common Stock,1,Buy,,
563,NVDA,NVIDIA Corporation Common Stock,1,Strong Buy,,
564,V,Visa Inc.,1,Strong Buy,,
565,JPM,JP Morgan Chase & Co. Common Stock,1,Strong Buy,,
566,JNJ,Johnson & Johnson Common Stock,1,Buy,,
567,WMT,Walmart Inc. Common Stock,1,Strong Buy,,
568,UNH,UnitedHealth Group Incorporated Common Stock (DE),1,Strong Buy,,
569,PG,Procter & Gamble Company (The) Common Stock,1,Strong Buy,,
570,HD,Home Depot Inc. (The) Common Stock,1,Strong Buy,,
571,BAC,Bank of America Corporation Common Stock,1,Strong Buy,,
572,MA,Mastercard Incorporated Common Stock,1,Strong Buy,,
573,DIS,Walt Disney Company (The) Common Stock,1,Strong Buy,,
574,PYPL,PayPal Holdings Inc. Common Stock,1,Buy,,
575,ADBE,Adobe Inc. Common Stock,1,Strong Buy,,
576,CMCSA,Comcast Corporation Class A Common Stock,1,Strong Buy,,
577,NFLX,Netflix Inc. Common Stock,1,Strong Buy,,
578,PFE,Pfizer Inc. Common Stock,1,Buy,,
579,CRM,Salesforce Inc. Common Stock,1,Strong Buy,,
580,NKE,Nike Inc. Common Stock,1,Buy,,
581,CSCO,Cisco Systems Inc. Common Stock (DE),1,Buy,,
582,KO,Coca-Cola Company (The) Common Stock,1,Strong Buy,,
583,ORCL,Oracle Corporation Common Stock,1,Strong Buy,,
584,XOM,Exxon Mobil Corporation Common Stock,1,Strong Buy,,
585,DHR,Danaher Corporation Common Stock,1,Strong Buy,,
586,ACN,Accenture plc Class A Ordinary Shares (Ireland),1,Strong Buy,,
587,ABT,Abbott Laboratories Common Stock,1,Strong Buy,,
588,LLY,Eli Lilly and Company Common Stock,1,Strong Buy,,
589,TMO,Thermo Fisher Scientific Inc Common Stock,1,Strong Buy,,
590,PEP,PepsiCo Inc. Common Stock,1,Buy,,
591,AVGO,Broadcom Inc. Common Stock,1,Strong Buy,,
592,COST,Costco Wholesale Corporation Common Stock,1,Strong Buy,,
593,T,AT&T Inc.,1,Buy,,
594,WFC,Wells Fargo & Company Common Stock,1,Strong Buy,,
595,ABBV,AbbVie Inc. Common Stock,1,Strong Buy,,
596,CVX,Chevron Corporation Common Stock,1,Strong Buy,,
597,MS,Morgan Stanley Common Stock,1,Buy,,
598,MRK,Merck & Company Inc. Common Stock (new),1,Strong Buy,,
599,TXN,Texas Instruments Incorporated Common Stock,1,Buy,,
600,MCD,McDonald's Corporation Common Stock,1,Strong Buy,,
601,MDT,Medtronic plc. Ordinary Shares,1,Buy,,
602,MRNA,Moderna Inc. Common Stock,1,Buy,,
603,UPS,United Parcel Service Inc. Common Stock,1,Buy,,
604,NEE,NextEra Energy Inc. Common Stock,1,Buy,,
605,PM,Philip Morris International Inc Common Stock,1,Strong Buy,,
606,TMUS,T-Mobile US Inc. Common Stock,1,Strong Buy,,
607,INTU,Intuit Inc. Common Stock,1,Strong Buy,,
608,QCOM,QUALCOMM Incorporated Common Stock,1,Strong Buy,,
609,HON,Honeywell International Inc. Common Stock,1,Strong Buy,,
610,C,Citigroup Inc. Common Stock,1,Strong Buy,,
611,LOW,Lowe's Companies Inc. Common Stock,1,Strong Buy,,
612,CHTR,Charter Communications Inc. Class A Common Stock New,1,Buy,,
613,BLK,BlackRock Inc. Common Stock,1,Strong Buy,,
614,BMY,Bristol-Myers Squibb Company Common Stock,1,Buy,,
615,GS,Goldman Sachs Group Inc. (The) Common Stock,1,Strong Buy,,
616,AMT,American Tower Corporation (REIT) Common Stock,1,Strong Buy,,
617,SBUX,Starbucks Corporation Common Stock,1,Strong Buy,,
618,SCHW,Charles Schwab Corporation (The) Common Stock,1,Buy,,
619,UNP,Union Pacific Corporation Common Stock,1,Strong Buy,,
620,NOW,ServiceNow Inc. Common Stock,1,Strong Buy,,
621,AXP,American Express Company Common Stock,1,Buy,,
622,AMD,Advanced Micro Devices Inc. Common Stock,1,Strong Buy,,
623,RTX,RTX Corporation Common Stock,1,Buy,,
624,AMAT,Applied Materials Inc. Common Stock,1,Strong Buy,,
625,BA,Boeing Company (The) Common Stock,1,Strong Buy,,
626,ISRG,Intuitive Surgical Inc. Common Stock,1,Strong Buy,,
627,AMGN,Amgen Inc. Common Stock,1,Buy,,
628,IBM,International Business Machines Corporation Common Stock,1,Buy,,
629,TGT,Target Corporation Common Stock,1,Strong Buy,,
630,EL,Estee Lauder Companies Inc. (The) Common Stock,1,Buy,,
631,CVS,CVS Health Corporation Common Stock,1,Strong Buy,,
632,CAT,Caterpillar Inc. Common Stock,1,Buy,,
633,GE,GE Aerospace Common Stock,1,Strong Buy,,
634,DE,Deere & Company Common Stock,1,Strong Buy,,
635,SPGI,S&P Global Inc. Common Stock,1,Strong Buy,,
636,MMM,3M Company Common Stock,1,Buy,,
637,SQ,Block Inc. Class A Common Stock,1,Strong Buy,,
638,SYK,Stryker Corporation Common Stock,1,Strong Buy,,
639,TEAM,Atlassian Corporation Class A Common Stock,1,Strong Buy,,
640,PLD,Prologis Inc. Common Stock,1,Strong Buy,,
641,BKNG,Booking Holdings Inc. Common Stock,1,Strong Buy,,
642,ZTS,Zoetis Inc. Class A Common Stock,1,Strong Buy,,
643,LMT,Lockheed Martin Corporation Common Stock,1,Buy,,
644,BX,Blackstone Inc. Common Stock,1,Buy,,
645,SNOW,Snowflake Inc. Class A Common Stock,1,Strong Buy,,
646,MO,Altria Group Inc.,1,Buy,,
647,GILD,Gilead Sciences Inc. Common Stock,1,Buy,,
648,LRCX,Lam Research Corporation Common Stock,1,Strong Buy,,
649,USB,U.S. Bancorp Common Stock,1,Buy,,
650,ADP,Automatic Data Processing Inc. Common Stock,1,Buy,,
651,MDLZ,Mondelez International Inc. Class A Common Stock,1,Strong Buy,,
652,TJX,TJX Companies Inc. (The) Common Stock,1,Strong Buy,,
653,MU,Micron Technology Inc. Common Stock,1,Strong Buy,,
654,CCI,Crown Castle Inc. Common Stock,1,Buy,,
655,HCA,HCA Healthcare Inc. Common Stock,1,Strong Buy,,
656,PNC,PNC Financial Services Group Inc. (The) Common Stock,1,Strong Buy,,
657,MMC,Marsh & McLennan Companies Inc. Common Stock,1,Buy,,
658,CB,Chubb Limited  Common Stock,1,Buy,,
659,ZM,Zoom Video Communications Inc. Class A Common Stock,1,Buy,,
660,COP,ConocoPhillips Common Stock,1,Strong Buy,,
661,SHW,Sherwin-Williams Company (The) Common Stock,1,Strong Buy,,
662,DUK,Duke Energy Corporation (Holding Company) Common Stock,1,Strong Buy,,
663,FIS,Fidelity National Information Services Inc. Common Stock,1,Buy,,
664,EQIX,Equinix Inc. Common Stock REIT,1,Strong Buy,,
665,EW,Edwards Lifesciences Corporation Common Stock,1,Buy,,
666,GM,General Motors Company Common Stock,1,Buy,,
667,BDX,Becton Dickinson and Company Common Stock,1,Strong Buy,,
668,TFC,Truist Financial Corporation Common Stock,1,Buy,,
669,DELL,Dell Technologies Inc. Class C Common Stock ,1,Strong Buy,,
670,UBER,Uber Technologies Inc. Common Stock,1,Strong Buy,,
671,COF,Capital One Financial Corporation Common Stock,1,Buy,,
672,MCO,Moody's Corporation Common Stock,1,Buy,,
673,CI,The Cigna Group Common Stock,1,Strong Buy,,
674,SO,Southern Company (The) Common Stock,1,Buy,,
675,CSX,CSX Corporation Common Stock,1,Strong Buy,,
676,REGN,Regeneron Pharmaceuticals Inc. Common Stock,1,Strong Buy,,
677,FDX,FedEx Corporation Common Stock,1,Strong Buy,,
678,CME,CME Group Inc. Class A Common Stock,1,Buy,,
679,ICE,Intercontinental Exchange Inc. Common Stock,1,Strong Buy,,
680,DASH,DoorDash Inc. Class A Common Stock,1,Strong Buy,,
681,AON,Aon plc Class A Ordinary Shares (Ireland),1,Buy,,
682,ILMN,Illumina Inc. Common Stock,1,Strong Buy,,
683,WM,Waste Management Inc. Common Stock,1,Buy,,
684,CL,Colgate-Palmolive Company Common Stock,1,Strong Buy,,
685,ADI,Analog Devices Inc. Common Stock,1,Strong Buy,,
686,BSX,Boston Scientific Corporation Common Stock,1,Strong Buy,,
687,ECL,Ecolab Inc. Common Stock,1,Buy,,
688,ETN,Eaton Corporation PLC Ordinary Shares,1,Strong Buy,,
689,NSC,Norfolk Southern Corporation Common Stock,1,Strong Buy,,
690,ADSK,Autodesk Inc. Common Stock,1,Strong Buy,,
691,D,Dominion Energy Inc. Common Stock,1,Buy,,
692,APD,Air Products and Chemicals Inc. Common Stock,1,Buy,,
693,EMR,Emerson Electric Company Common Stock,1,Strong Buy,,
694,TWLO,Twilio Inc. Class A Common Stock,1,Buy,,
695,NOC,Northrop Grumman Corporation Common Stock,1,Buy,,
696,NXPI,NXP Semiconductors N.V. Common Stock,1,Strong Buy,,
697,IDXX,IDEXX Laboratories Inc. Common Stock,1,Strong Buy,,
698,ALGN,Align Technology Inc. Common Stock,1,Buy,,
699,KLAC,KLA Corporation Common Stock,1,Strong Buy,,
700,PSA,Public Storage Common Stock,1,Buy,,
701,GD,General Dynamics Corporation Common Stock,1,Strong Buy,,
702,PGR,Progressive Corporation (The) Common Stock,1,Strong Buy,,
703,JCI,Johnson Controls International plc Ordinary Share,1,Strong Buy,,
704,FCX,Freeport-McMoRan Inc. Common Stock,1,Strong Buy,,
705,DOCU,DocuSign Inc. Common Stock,1,Buy,,
706,CRWD,CrowdStrike Holdings Inc. Class A Common Stock,1,Strong Buy,,
707,DXCM,DexCom Inc. Common Stock,1,Strong Buy,,
708,MSCI,MSCI Inc. Common Stock,1,Buy,,
709,MET,MetLife Inc. Common Stock,1,Strong Buy,,
710,CMG,Chipotle Mexican Grill Inc. Common Stock,1,Strong Buy,,
711,A,Agilent Technologies Inc. Common Stock,1,Buy,,
712,LULU,lululemon athletica inc. Common Stock,1,Buy,,
713,F,Ford Motor Company Common Stock,1,Buy,,
714,WDAY,Workday Inc. Class A Common Stock,1,Strong Buy,,
715,HUM,Humana Inc. Common Stock,1,Buy,,
716,MRVL,Marvell Technology Inc. Common Stock,1,Strong Buy,,
717,SNPS,Synopsys Inc. Common Stock,1,Strong Buy,,
718,DG,Dollar General Corporation Common Stock,1,Buy,,
719,MNST,Monster Beverage Corporation,1,Buy,,
720,KDP,Keurig Dr Pepper Inc. Common Stock,1,Strong Buy,,
721,ROP,Roper Technologies Inc. Common Stock,1,Strong Buy,,
722,EXC,Exelon Corporation Common Stock,1,Buy,,
723,IQV,IQVIA Holdings Inc. Common Stock,1,Strong Buy,,
724,FTNT,Fortinet Inc. Common Stock,1,Buy,,
725,VRTX,Vertex Pharmaceuticals Incorporated Common Stock,1,Strong Buy,,
726,GPN,Global Payments Inc. Common Stock,1,Strong Buy,,
727,CARR,Carrier Global Corporation Common Stock ,1,Strong Buy,,
728,EBAY,eBay Inc. Common Stock,1,Buy,,
729,MAR,Marriott International Class A Common Stock,1,Buy,,
730,PANW,Palo Alto Networks Inc. Common Stock,1,Strong Buy,,
731,CDNS,Cadence Design Systems Inc. Common Stock,1,Strong Buy,,
732,AIG,American International Group Inc. New Common Stock,1,Strong Buy,,
733,KMB,Kimberly-Clark Corporation Common Stock,1,Buy,,
734,NEM,Newmont Corporation,1,Strong Buy,,
735,LHX,L3Harris Technologies Inc. Common Stock,1,Buy,,
736,APH,Amphenol Corporation Common Stock,1,Strong Buy,,
737,BK,The Bank of New York Mellon Corporation Common Stock,1,Strong Buy,,
738,DOW,Dow Inc. Common Stock ,1,Buy,,
739,BIIB,Biogen Inc. Common Stock,1,Strong Buy,,
740,MCHP,Microchip Technology Incorporated Common Stock,1,Strong Buy,,
741,TT,Trane Technologies plc,1,Buy,,
742,KHC,The Kraft Heinz Company Common Stock,1,Buy,,
743,DLR,Digital Realty Trust Inc. Common Stock,1,Strong Buy,,
744,MTCH,Match Group Inc. Common Stock,1,Strong Buy,,
745,EOG,EOG Resources Inc. Common Stock,1,Strong Buy,,
746,SPOT,Spotify Technology S.A. Ordinary Shares,1,Strong Buy,,
747,AEP,American Electric Power Company Inc. Common Stock,1,Buy,,
748,SRE,DBA Sempra Common Stock,1,Strong Buy,,
749,SPG,Simon Property Group Inc. Common Stock,1,Buy,,
750,RMD,ResMed Inc. Common Stock,1,Buy,,
751,BAX,Baxter International Inc. Common Stock,1,Buy,,
752,STZ,Constellation Brands Inc. Common Stock,1,Strong Buy,,
753,APTV,Aptiv PLC Ordinary Shares,1,Strong Buy,,
754,VEEV,Veeva Systems Inc. Class A Common Stock,1,Strong Buy,,
755,ORLY,O'Reilly Automotive Inc. Common Stock,1,Strong Buy,,
756,MSI,Motorola Solutions Inc. Common Stock,1,Strong Buy,,
757,CTAS,Cintas Corporation Common Stock,1,Buy,,
758,SLB,Schlumberger N.V. Common Stock,1,Strong Buy,,
759,ROKU,Roku Inc. Class A Common Stock,1,Buy,,
760,CTSH,Cognizant Technology Solutions Corporation Class A Common Stock,1,Buy,,
761,ROST,Ross Stores Inc. Common Stock,1,Strong Buy,,
762,RSG,Republic Services Inc. Common Stock,1,Buy,,
763,NET,Cloudflare Inc. Class A Common Stock,1,Buy,,
764,TRV,The Travelers Companies Inc. Common Stock,1,Buy,,
765,SYY,Sysco Corporation Common Stock,1,Strong Buy,,
766,EA,Electronic Arts Inc. Common Stock,1,Buy,,
767,SBAC,SBA Communications Corporation Class A Common Stock,1,Strong Buy,,
768,ALL,Allstate Corporation (The) Common Stock,1,Strong Buy,,
769,OTIS,Otis Worldwide Corporation Common Stock ,1,Buy,,
770,MPC,Marathon Petroleum Corporation Common Stock,1,Strong Buy,,
771,YUM,Yum! Brands Inc.,1,Buy,,
772,KKR,KKR & Co. Inc. Common Stock,1,Strong Buy,,
773,PH,Parker-Hannifin Corporation Common Stock,1,Strong Buy,,
774,ZS,Zscaler Inc. Common Stock,1,Strong Buy,,
775,OKTA,Okta Inc. Class A Common Stock,1,Buy,,
776,U,Unity Software Inc. Common Stock,1,Buy,,
777,KMI,Kinder Morgan Inc. Common Stock,1,Buy,,
778,DFS,Discover Financial Services Common Stock,1,Buy,,
779,ROK,Rockwell Automation Inc. Common Stock,1,Buy,,
780,WELL,Welltower Inc. Common Stock,1,Strong Buy,,
781,HLT,Hilton Worldwide Holdings Inc. Common Stock ,1,Buy,,
782,DD,DuPont de Nemours Inc. Common Stock,1,Strong Buy,,
783,HSY,The Hershey Company Common Stock,1,Buy,,
784,IFF,International Flavors & Fragrances Inc. Common Stock,1,Buy,,
785,CNC,Centene Corporation Common Stock,1,Buy,,
786,PPG,PPG Industries Inc. Common Stock,1,Strong Buy,,
787,GIS,General Mills Inc. Common Stock,1,Buy,,
788,EPAM,EPAM Systems Inc. Common Stock,1,Buy,,
789,XEL,Xcel Energy Inc. Common Stock,1,Buy,,
790,CPRT,Copart Inc. (DE) Common Stock,1,Strong Buy,,
791,CSGP,CoStar Group Inc. Common Stock,1,Strong Buy,,
792,AZO,AutoZone Inc. Common Stock,1,Strong Buy,,
793,TDG,Transdigm Group Incorporated Common Stock,1,Strong Buy,,
794,ODFL,Old Dominion Freight Line Inc. Common Stock,1,Buy,,
795,CMI,Cummins Inc. Common Stock,1,Buy,,
796,PINS,Pinterest Inc. Class A Common Stock,1,Strong Buy,,
797,WST,West Pharmaceutical Services Inc. Common Stock,1,Strong Buy,,
798,DDOG,Datadog Inc. Class A Common Stock,1,Strong Buy,,
799,AWK,American Water Works Company Inc. Common Stock,1,Buy,,
800,MDB,MongoDB Inc. Class A Common Stock,1,Strong Buy,,
801,EFX,Equifax Inc. Common Stock,1,Strong Buy,,
802,KEYS,Keysight Technologies Inc. Common Stock,1,Strong Buy,,
803,VRSK,Verisk Analytics Inc. Common Stock,1,Buy,,
804,GLW,Corning Incorporated Common Stock,1,Strong Buy,,
805,NDAQ,Nasdaq Inc. Common Stock,1,Strong Buy,,
806,CBRE,CBRE Group Inc Common Stock Class A,1,Buy,,
807,ANSS,ANSYS Inc. Common Stock,1,Buy,,
808,MCK,McKesson Corporation Common Stock,1,Strong Buy,,
809,HPQ,HP Inc. Common Stock,1,Buy,,
810,NUE,Nucor Corporation Common Stock,1,Strong Buy,,
811,HUBS,HubSpot Inc. Common Stock,1,Strong Buy,,
812,PEG,Public Service Enterprise Group Incorporated Common Stock,1,Strong Buy,,
813,DHI,D.R. Horton Inc. Common Stock,1,Buy,,
814,LYB,LyondellBasell Industries NV Ordinary Shares Class A (Netherlands),1,Buy,,
815,LBRDA,Liberty Broadband Corporation Class A Common Stock,1,Strong Buy,,
816,LBRDK,Liberty Broadband Corporation Class C Common Stock,1,Strong Buy,,
817,CTVA,Corteva Inc. Common Stock ,1,Strong Buy,,
818,AVB,AvalonBay Communities Inc. Common Stock,1,Buy,,
819,WMB,Williams Companies Inc. (The) Common Stock,1,Buy,,
820,AJG,Arthur J. Gallagher & Co. Common Stock,1,Buy,,
821,ZBRA,Zebra Technologies Corporation Class A Common Stock,1,Strong Buy,,
822,AMP,Ameriprise Financial Inc. Common Stock,1,Buy,,
823,TTD,The Trade Desk Inc. Class A Common Stock,1,Strong Buy,,
824,KR,Kroger Company (The) Common Stock,1,Strong Buy,,
825,EQR,Equity Residential Common Shares of Beneficial Interest,1,Buy,,
826,ZBH,Zimmer Biomet Holdings Inc. Common Stock,1,Buy,,
827,AME,AMETEK Inc.,1,Strong Buy,,
828,ARE,Alexandria Real Estate Equities Inc. Common Stock,1,Buy,,
829,SWK,Stanley Black & Decker Inc. Common Stock,1,Buy,,
830,LEN,Lennar Corporation Class A Common Stock,1,Buy,,
831,STT,State Street Corporation Common Stock,1,Buy,,
832,ES,Eversource Energy (D/B/A) Common Stock,1,Buy,,
833,PCAR,PACCAR Inc. Common Stock,1,Buy,,
834,SWKS,Skyworks Solutions Inc. Common Stock,1,Buy,,
835,LVS,Las Vegas Sands Corp. Common Stock,1,Strong Buy,,
836,WEC,WEC Energy Group Inc. Common Stock,1,Buy,,
837,PSX,Phillips 66 Common Stock,1,Strong Buy,,
838,LH,Labcorp Holdings Inc. Common Stock,1,Strong Buy,,
839,LUV,Southwest Airlines Company Common Stock,1,Buy,,
840,PTON,Peloton Interactive Inc. Class A Common Stock,1,Buy,,
841,PAYC,Paycom Software Inc. Common Stock,1,Buy,,
842,FWONK,Liberty Media Corporation Series C Liberty Formula One Common Stock,1,Strong Buy,,
843,FWONA,Liberty Media Corporation Series A Liberty Formula One Common Stock,1,Strong Buy,,
844,GNRC,Generac Holdlings Inc. Common Stock,1,Buy,,
845,FITB,Fifth Third Bancorp Common Stock,1,Strong Buy,,
846,TSN,Tyson Foods Inc. Common Stock,1,Buy,,
847,ANET,Arista Networks Inc. Common Stock,1,Strong Buy,,
848,ETSY,Etsy Inc. Common Stock,1,Buy,,
849,SYF,Synchrony Financial Common Stock,1,Buy,,
850,BILL,BILL Holdings Inc. Common Stock,1,Buy,,
851,ALB,Albemarle Corporation Common Stock,1,Buy,,
852,VLO,Valero Energy Corporation Common Stock,1,Strong Buy,,
853,VFC,V.F. Corporation Common Stock,1,Buy,,
854,BBY,Best Buy Co. Inc. Common Stock,1,Buy,,
855,CDW,CDW Corporation Common Stock,1,Strong Buy,,
856,FTV,Fortive Corporation Common Stock ,1,Strong Buy,,
857,O,Realty Income Corporation Common Stock,1,Buy,,
858,IT,Gartner Inc. Common Stock,1,Buy,,
859,WY,Weyerhaeuser Company Common Stock,1,Buy,,
860,OXY,Occidental Petroleum Corporation Common Stock,1,Buy,,
861,BKR,Baker Hughes Company Class A Common Stock,1,Strong Buy,,
862,CCL,Carnival Corporation Common Stock,1,Strong Buy,,
863,DAL,Delta Air Lines Inc. Common Stock,1,Strong Buy,,
864,WAT,Waters Corporation Common Stock,1,Buy,,
865,VRSN,VeriSign Inc. Common Stock,1,Buy,,
866,AVTR,Avantor Inc. Common Stock,1,Strong Buy,,
867,OKE,ONEOK Inc. Common Stock,1,Strong Buy,,
868,URI,United Rentals Inc. Common Stock,1,Buy,,
869,EXR,Extra Space Storage Inc Common Stock,1,Buy,,
870,SIRI,SiriusXM Holdings Inc. Common Stock,1,Buy,,
871,HIG,Hartford Financial Services Group Inc. (The) Common Stock,1,Buy,,
872,PCG,Pacific Gas & Electric Co. Common Stock,1,Strong Buy,,
873,YUMC,Yum China Holdings Inc. Common Stock,1,Strong Buy,,
874,XYL,Xylem Inc. Common Stock New,1,Strong Buy,,
875,DOV,Dover Corporation Common Stock,1,Strong Buy,,
876,DKNG,DraftKings Inc. Class A Common Stock,1,Strong Buy,,
877,COO,The Cooper Companies Inc. Common Stock,1,Strong Buy,,
878,CTLT,Catalent Inc. Common Stock,1,Buy,,
879,BIO,Bio-Rad Laboratories Inc. Class A Common Stock,1,Buy,,
880,TSCO,Tractor Supply Company Common Stock,1,Buy,,
881,LNG,Cheniere Energy Inc. Common Stock,1,Strong Buy,,
882,INVH,Invitation Homes Inc. Common Stock,1,Buy,,
883,VMC,Vulcan Materials Company (Holding Company) Common Stock,1,Strong Buy,,
884,TRMB,Trimble Inc. Common Stock,1,Strong Buy,,
885,IR,Ingersoll Rand Inc. Common Stock,1,Strong Buy,,
886,CZR,Caesars Entertainment Inc. Common Stock,1,Strong Buy,,
887,SUI,Sun Communities Inc. Common Stock,1,Buy,,
888,MPWR,Monolithic Power Systems Inc. Common Stock,1,Strong Buy,,
889,MKC,McCormick & Company Incorporated Common Stock,1,Buy,,
890,ETR,Entergy Corporation Common Stock,1,Strong Buy,,
891,PPL,PPL Corporation Common Stock,1,Strong Buy,,
892,DTE,DTE Energy Company Common Stock,1,Strong Buy,,
893,IP,International Paper Company Common Stock,1,Strong Buy,,
894,Z,Zillow Group Inc. Class C Capital Stock,1,Strong Buy,,
895,ZG,Zillow Group Inc. Class A Common Stock,1,Buy,,
896,TRU,TransUnion Common Stock,1,Strong Buy,,
897,MLM,Martin Marietta Materials Inc. Common Stock,1,Strong Buy,,
898,HES,Hess Corporation Common Stock,1,Buy,,
899,EIX,Edison International Common Stock,1,Strong Buy,,
900,KMX,CarMax Inc,1,Buy,,
901,ALNY,Alnylam Pharmaceuticals Inc. Common Stock,1,Strong Buy,,
902,HBAN,Huntington Bancshares Incorporated Common Stock,1,Buy,,
903,CRL,Charles River Laboratories International Inc. Common Stock,1,Buy,,
904,EXPE,Expedia Group Inc. Common Stock,1,Buy,,
905,MAA,Mid-America Apartment Communities Inc. Common Stock,1,Buy,,
906,AEE,Ameren Corporation Common Stock,1,Buy,,
907,K,Kellanova Common Stock,1,Buy,,
908,VTR,Ventas Inc. Common Stock,1,Strong Buy,,
909,GWW,W.W. Grainger Inc. Common Stock,1,Buy,,
910,STE,STERIS plc (Ireland) Ordinary Shares,1,Strong Buy,,
911,W,Wayfair Inc. Class A Common Stock,1,Strong Buy,,
912,TDOC,Teladoc Health Inc. Common Stock,1,Buy,,
913,ESS,Essex Property Trust Inc. Common Stock,1,Buy,,
914,RCL,Royal Caribbean Cruises Ltd. Common Stock,1,Strong Buy,,
915,ON,ON Semiconductor Corporation Common Stock,1,Strong Buy,,
916,ENPH,Enphase Energy Inc. Common Stock,1,Buy,,
917,NTAP,NetApp Inc. Common Stock,1,Buy,,
918,TECH,Bio-Techne Corp Common Stock,1,Strong Buy,,
919,FE,FirstEnergy Corp. Common Stock,1,Buy,,
920,CHD,Church & Dwight Company Inc. Common Stock,1,Buy,,
921,DVN,Devon Energy Corporation Common Stock,1,Strong Buy,,
922,ULTA,Ulta Beauty Inc. Common Stock,1,Buy,,
923,FOX,Fox Corporation Class B Common Stock,1,Buy,,
924,FOXA,Fox Corporation Class A Common Stock,1,Buy,,
925,TER,Teradyne Inc. Common Stock,1,Strong Buy,,
926,DT,Dynatrace Inc. Common Stock,1,Strong Buy,,
927,TDY,Teledyne Technologies Incorporated Common Stock,1,Strong Buy,,
928,KEY,KeyCorp Common Stock,1,Strong Buy,,
929,PODD,Insulet Corporation Common Stock,1,Strong Buy,,
930,QRVO,Qorvo Inc. Common Stock,1,Buy,,
931,DLTR,Dollar Tree Inc. Common Stock,1,Buy,,
932,BR,Broadridge Financial Solutions Inc. Common Stock,1,Buy,,
933,HOLX,Hologic Inc. Common Stock,1,Buy,,
934,MGM,MGM Resorts International Common Stock,1,Strong Buy,,
935,DRI,Darden Restaurants Inc. Common Stock,1,Strong Buy,,
936,BSY,Bentley Systems Incorporated Class B Common Stock,1,Strong Buy,,
937,BURL,Burlington Stores Inc. Common Stock,1,Strong Buy,,
938,POOL,Pool Corporation Common Stock,1,Buy,,
939,AMCR,Amcor plc Ordinary Shares,1,Buy,,
940,TYL,Tyler Technologies Inc. Common Stock,1,Strong Buy,,
941,DGX,Quest Diagnostics Incorporated Common Stock,1,Buy,,
942,LYV,Live Nation Entertainment Inc. Common Stock,1,Strong Buy,,
943,ALLY,Ally Financial Inc. Common Stock,1,Buy,,
944,RF,Regions Financial Corporation Common Stock,1,Buy,,
945,CINF,Cincinnati Financial Corporation Common Stock,1,Buy,,
946,RJF,Raymond James Financial Inc. Common Stock,1,Buy,,
947,CFG,Citizens Financial Group Inc. Common Stock,1,Strong Buy,,
948,DPZ,Domino's Pizza Inc Common Stock,1,Strong Buy,,
949,HAL,Halliburton Company Common Stock,1,Strong Buy,,
950,AVY,Avery Dennison Corporation Common Stock,1,Strong Buy,,
951,ROL,Rollins Inc. Common Stock,1,Buy,,
952,AKAM,Akamai Technologies Inc. Common Stock,1,Strong Buy,,
953,SSNC,SS&C Technologies Holdings Inc. Common Stock,1,Strong Buy,,
954,CMS,CMS Energy Corporation Common Stock,1,Strong Buy,,
955,TFX,Teleflex Incorporated Common Stock,1,Buy,,
956,VICI,VICI Properties Inc. Common Stock,1,Strong Buy,,
957,JBHT,J.B. Hunt Transport Services Inc. Common Stock,1,Strong Buy,,
958,EXAS,Exact Sciences Corporation Common Stock,1,Strong Buy,,
959,WDC,Western Digital Corporation Common Stock,1,Strong Buy,,
960,HPE,Hewlett Packard Enterprise Company Common Stock,1,Buy,,
961,CG,The Carlyle Group Inc. Common Stock,1,Buy,,
962,RNG,RingCentral Inc. Class A Common Stock,1,Buy,,
963,TTWO,Take-Two Interactive Software Inc. Common Stock,1,Strong Buy,,
964,GPC,Genuine Parts Company Common Stock,1,Buy,,
965,ENTG,Entegris Inc. Common Stock,1,Strong Buy,,
966,J,Jacobs Solutions Inc. Common Stock,1,Strong Buy,,
967,MTB,M&T Bank Corporation Common Stock,1,Strong Buy,,
968,NVR,NVR Inc. Common Stock,1,Buy,,
969,BXP,BXP Inc. Common Stock,1,Buy,,
970,NVAX,Novavax Inc. Common Stock,1,Buy,,
971,BBWI,Bath & Body Works Inc.,1,Buy,,
972,WAB,Westinghouse Air Brake Technologies Corporation Common Stock,1,Strong Buy,,
973,CE,Celanese Corporation Common Stock,1,Buy,,
974,MKL,Markel Group Inc. Common Stock,1,Buy,,
975,IEX,IDEX Corporation Common Stock,1,Strong Buy,,
976,LYFT,Lyft Inc. Class A Common Stock,1,Buy,,
977,PWR,Quanta Services Inc. Common Stock,1,Strong Buy,,
978,RGEN,Repligen Corporation Common Stock,1,Strong Buy,,
979,INCY,Incyte Corp. Common Stock,1,Buy,,
980,RPRX,Royalty Pharma plc Class A Ordinary Shares ,1,Strong Buy,,
981,HEI,Heico Corporation Common Stock,1,Strong Buy,,
982,BRO,Brown & Brown Inc. Common Stock,1,Buy,,
983,MKTX,MarketAxess Holdings Inc. Common Stock,1,Buy,,
984,AES,The AES Corporation Common Stock,1,Strong Buy,,
985,CAG,ConAgra Brands Inc. Common Stock,1,Buy,,
986,UDR,UDR Inc. Common Stock,1,Buy,,
987,CGNX,Cognex Corporation Common Stock,1,Buy,,
988,OMC,Omnicom Group Inc. Common Stock,1,Strong Buy,,
989,TXT,Textron Inc. Common Stock,1,Buy,,
990,ACGL,Arch Capital Group Ltd. Common Stock,1,Strong Buy,,
991,MOH,Molina Healthcare Inc Common Stock,1,Buy,,
992,CLVT,Clarivate Plc Ordinary Shares,1,Buy,,
993,LKQ,LKQ Corporation Common Stock,1,Strong Buy,,
994,CVNA,Carvana Co. Class A Common Stock,1,Buy,,
995,ELAN,Elanco Animal Health Incorporated Common Stock,1,Buy,,
996,CPT,Camden Property Trust Common Stock,1,Buy,,
997,ELS,Equity Lifestyle Properties Inc. Common Stock,1,Buy,,
998,CAH,Cardinal Health Inc. Common Stock,1,Buy,,
999,MASI,Masimo Corporation Common Stock,1,Strong Buy,,
1000,PCTY,Paylocity Holding Corporation Common Stock,1,Strong Buy,,
1001,CNP,CenterPoint Energy Inc (Holding Co) Common Stock,1,Buy,,
1002,EVRG,Evergy Inc. Common Stock,1,Buy,,
1003,LNT,Alliant Energy Corporation Common Stock,1,Buy,,
1004,FANG,Diamondback Energy Inc. Common Stock,1,Strong Buy,,
1005,PTC,PTC Inc. Common Stock,1,Strong Buy,,
1006,ESTC,Elastic N.V. Ordinary Shares,1,Strong Buy,,
1007,CCK,Crown Holdings Inc.,1,Strong Buy,,
1008,RH,RH Common Stock,1,Buy,,
1009,MAS,Masco Corporation Common Stock,1,Buy,,
1010,EMN,Eastman Chemical Company Common Stock,1,Buy,,
1011,ACI,Albertsons Companies Inc. Class A Common Stock,1,Buy,,
1012,UAL,United Airlines Holdings Inc. Common Stock,1,Strong Buy,,
1013,BMRN,BioMarin Pharmaceutical Inc. Common Stock,1,Strong Buy,,
1014,NDSN,Nordson Corporation Common Stock,1,Buy,,
1015,TXG,10x Genomics Inc. Class A Common Stock,1,Buy,,
1016,PLUG,Plug Power Inc. Common Stock,1,Buy,,
1017,L,Loews Corporation Common Stock,1,Buy,,
1018,PKG,Packaging Corporation of America Common Stock,1,Buy,,
1019,HWM,Howmet Aerospace Inc. Common Stock,1,Strong Buy,,
1020,WSM,Williams-Sonoma Inc. Common Stock (DE),1,Buy,,
1021,WHR,Whirlpool Corporation Common Stock,1,Buy,,
1022,XRAY,DENTSPLY SIRONA Inc. Common Stock,1,Strong Buy,,
1023,FND,Floor & Decor Holdings Inc. Common Stock,1,Buy,,
1024,HAS,Hasbro Inc. Common Stock,1,Strong Buy,,
1025,KIM,Kimco Realty Corporation (HC) Common Stock,1,Buy,,
1026,CPB,Campbell Soup Company Common Stock,1,Buy,,
1027,LDOS,Leidos Holdings Inc. Common Stock,1,Strong Buy,,
1028,STLD,Steel Dynamics Inc.,1,Buy,,
1029,SJM,The J.M. Smucker Company Common Stock,1,Buy,,
1030,NVCR,NovoCure Limited Ordinary Shares,1,Buy,,
1031,FNF,FNF Group of Fidelity National Financial Inc. Common Stock,1,Buy,,
1032,AMH,American Homes 4 Rent Common Shares of Beneficial Interest,1,Strong Buy,,
1033,IRM,Iron Mountain Incorporated (Delaware)Common Stock REIT,1,Strong Buy,,
1034,GLOB,Globant S.A. Common Shares,1,Strong Buy,,
1035,GGG,Graco Inc. Common Stock,1,Buy,,
1036,MHK,Mohawk Industries Inc. Common Stock,1,Buy,,
1037,PNR,Pentair plc. Ordinary Share,1,Strong Buy,,
1038,NWS,News Corporation Class B Common Stock,1,Strong Buy,,
1039,NWSA,News Corporation Class A Common Stock,1,Strong Buy,,
1040,BRKR,Bruker Corporation Common Stock,1,Strong Buy,,
1041,GH,Guardant Health Inc. Common Stock,1,Strong Buy,,
1042,MOS,Mosaic Company (The) Common Stock,1,Buy,,
1043,DVA,DaVita Inc. Common Stock,1,Buy,,
1044,WRB,W.R. Berkley Corporation Common Stock,1,Buy,,
1045,ARES,Ares Management Corporation Class A Common Stock,1,Buy,,
1046,FICO,Fair Isaac Corproation Common Stock,1,Strong Buy,,
1047,FMC,FMC Corporation Common Stock,1,Buy,,
1048,JKHY,Jack Henry & Associates Inc. Common Stock,1,Buy,,
1049,AAL,American Airlines Group Inc. Common Stock,1,Buy,,
1050,GDDY,GoDaddy Inc. Class A Common Stock,1,Strong Buy,,
1051,DAR,Darling Ingredients Inc. Common Stock,1,Strong Buy,,
1052,NLY,Annaly Capital Management Inc. Common Stock,1,Strong Buy,,
1053,TREX,Trex Company Inc. Common Stock,1,Buy,,
1054,UHS,Universal Health Services Inc. Common Stock,1,Strong Buy,,
1055,PHM,PulteGroup Inc. Common Stock,1,Strong Buy,,
1056,JLL,Jones Lang LaSalle Incorporated Common Stock,1,Strong Buy,,
1057,QGEN,Qiagen N.V. Common Shares,1,Strong Buy,,
1058,EQH,Equitable Holdings Inc. Common Stock,1,Strong Buy,,
1059,AGL,agilon health inc. Common Stock,1,Buy,,
1060,DECK,Deckers Outdoor Corporation Common Stock,1,Strong Buy,,
1061,PENN,PENN Entertainment Inc. Common Stock,1,Buy,,
1062,CABO,Cable One Inc. Common Stock,1,Buy,,
1063,CHRW,C.H. Robinson Worldwide Inc. Common Stock,1,Buy,,
1064,WIX,Wix.com Ltd. Ordinary Shares,1,Strong Buy,,
1065,SNA,Snap-On Incorporated Common Stock,1,Buy,,
1066,MORN,Morningstar Inc. Common Stock,1,Strong Buy,,
1067,HST,Host Hotels & Resorts Inc. Common Stock,1,Strong Buy,,
1068,MTN,Vail Resorts Inc. Common Stock,1,Buy,,
1069,ATO,Atmos Energy Corporation Common Stock,1,Strong Buy,,
1070,LPLA,LPL Financial Holdings Inc. Common Stock,1,Strong Buy,,
1071,AXON,Axon Enterprise Inc. Common Stock,1,Strong Buy,,
1072,REG,Regency Centers Corporation Common Stock,1,Strong Buy,,
1073,WTRG,Essential Utilities Inc. Common Stock,1,Strong Buy,,
1074,PLTK,Playtika Holding Corp. Common Stock,1,Buy,,
1075,LII,Lennox International Inc. Common Stock,1,Buy,,
1076,BG,Bunge Limited Common Shares,1,Strong Buy,,
1077,GLPI,Gaming and Leisure Properties Inc. Common Stock,1,Buy,,
1078,WLK,Westlake Corporation Common Stock,1,Buy,,
1079,NTRA,Natera Inc. Common Stock,1,Strong Buy,,
1080,AFG,American Financial Group Inc. Common Stock,1,Buy,,
1081,IAC,IAC Inc. Common Stock,1,Strong Buy,,
1082,TTC,Toro Company (The) Common Stock,1,Buy,,
1083,TPR,Tapestry Inc. Common Stock,1,Strong Buy,,
1084,FIVN,Five9 Inc. Common Stock,1,Strong Buy,,
1085,FSLR,First Solar Inc. Common Stock,1,Strong Buy,,
1086,AOS,A.O. Smith Corporation Common Stock,1,Buy,,
1087,BLDR,Builders FirstSource Inc. Common Stock,1,Strong Buy,,
1088,HSIC,Henry Schein Inc. Common Stock,1,Buy,,
1089,BAH,Booz Allen Hamilton Holding Corporation Common Stock,1,Buy,,
1090,WSO,Watsco Inc. Common Stock,1,Buy,,
1091,STNE,StoneCo Ltd. Class A Common Shares,1,Strong Buy,,
1092,NRG,NRG Energy Inc. Common Stock,1,Buy,,
1093,PEGA,Pegasystems Inc. Common Stock,1,Strong Buy,,
1094,TRGP,Targa Resources Inc. Common Stock,1,Strong Buy,,
1095,CUBE,CubeSmart Common Shares,1,Buy,,
1096,PEN,Penumbra Inc. Common Stock,1,Strong Buy,,
1097,CVAC,CureVac N.V. Ordinary Shares,1,Buy,,
1098,BWA,BorgWarner Inc. Common Stock,1,Strong Buy,,
1099,EWBC,East West Bancorp Inc. Common Stock,1,Strong Buy,,
1100,CF,CF Industries Holdings Inc. Common Stock,1,Buy,,
1101,HUBB,Hubbell Inc Common Stock,1,Buy,,
1102,WAL,Western Alliance Bancorporation Common Stock (DE),1,Strong Buy,,
1103,SCI,Service Corporation International Common Stock,1,Strong Buy,,
1104,MANH,Manhattan Associates Inc. Common Stock,1,Strong Buy,,
1105,FIVE,Five Below Inc. Common Stock,1,Buy,,
1106,DOX,Amdocs Limited Ordinary Shares,1,Strong Buy,,
1107,OPEN,Opendoor Technologies Inc Common Stock,1,Buy,,
1108,RPM,RPM International Inc. Common Stock,1,Buy,,
1109,CSL,Carlisle Companies Incorporated Common Stock,1,Strong Buy,,
1110,WYNN,Wynn Resorts Limited Common stock,1,Strong Buy,,
1111,GWRE,Guidewire Software Inc. Common Stock,1,Strong Buy,,
1112,MRO,Marathon Oil Corporation Common Stock,1,Buy,,
1113,AGCO,AGCO Corporation Common Stock,1,Buy,,
1114,CMA,Comerica Incorporated Common Stock,1,Buy,,
1115,LAD,Lithia Motors Inc. Common Stock,1,Strong Buy,,
1116,OC,Owens Corning Inc Common Stock New,1,Buy,,
1117,DBX,Dropbox Inc. Class A Common Stock,1,Buy,,
1118,MIDD,Middleby Corporation (The) Common Stock,1,Strong Buy,,
1119,AA,Alcoa Corporation Common Stock ,1,Strong Buy,,
1120,AIZ,Assurant Inc. Common Stock,1,Strong Buy,,
1121,LAMR,Lamar Advertising Company Class A Common Stock,1,Buy,,
1122,LEA,Lear Corporation Common Stock,1,Strong Buy,,
1123,ACM,AECOM Common Stock,1,Strong Buy,,
1124,RS,Reliance Inc. Common Stock,1,Buy,,
1125,XPO,XPO Inc. Common Stock,1,Strong Buy,,
1126,NI,NiSource Inc Common Stock,1,Strong Buy,,
1127,G,Genpact Limited Common Stock,1,Buy,,
1128,ZION,Zions Bancorporation N.A. Common Stock,1,Buy,,
1129,TPX,Tempur Sealy International Inc. Common Stock,1,Strong Buy,,
1130,GL,Globe Life Inc. Common Stock,1,Strong Buy,,
1131,FRT,Federal Realty Investment Trust Common Stock,1,Strong Buy,,
1132,OLED,Universal Display Corporation Common Stock,1,Strong Buy,,
1133,COLD,Americold Realty Trust Inc. Common Stock,1,Strong Buy,,
1134,IPGP,IPG Photonics Corporation Common Stock,1,Buy,,
1135,UTHR,United Therapeutics Corporation Common Stock,1,Strong Buy,,
1136,SMAR,Smartsheet Inc. Class A Common Stock,1,Buy,,
1137,JBL,Jabil Inc. Common Stock,1,Strong Buy,,
1138,UGI,UGI Corporation Common Stock,1,Buy,,
1139,UAA,Under Armour Inc. Class A Common Stock,1,Buy,,
1140,JNPR,Juniper Networks Inc. Common Stock,1,Buy,,
1141,GXO,GXO Logistics Inc. Common Stock ,1,Strong Buy,,
1142,NBIX,Neurocrine Biosciences Inc. Common Stock,1,Strong Buy,,
1143,ST,Sensata Technologies Holding plc Ordinary Shares,1,Buy,,
1144,JEF,Jefferies Financial Group Inc. Common Stock,1,Strong Buy,,
1145,CNXC,Concentrix Corporation Common Stock,1,Strong Buy,,
1146,TW,Tradeweb Markets Inc. Class A Common Stock,1,Strong Buy,,
1147,SITE,SiteOne Landscape Supply Inc. Common Stock,1,Buy,,
1148,YETI,YETI Holdings Inc. Common Stock,1,Buy,,
1149,LW,Lamb Weston Holdings Inc. Common Stock ,1,Strong Buy,,
1150,RUN,Sunrun Inc. Common Stock,1,Strong Buy,,
1151,KNX,Knight-Swift Transportation Holdings Inc.,1,Strong Buy,,
1152,NTNX,Nutanix Inc. Class A Common Stock,1,Strong Buy,,
1153,SEE,Sealed Air Corporation Common Stock,1,Strong Buy,,
1154,DKS,Dick's Sporting Goods Inc Common Stock,1,Buy,,
1155,AZPN,Aspen Technology Inc. Common Stock,1,Buy,,
1156,BERY,Berry Global Group Inc. Common Stock,1,Buy,,
1157,VST,Vistra Corp. Common Stock,1,Strong Buy,,
1158,OGN,Organon & Co. Common Stock ,1,Buy,,
1159,FHN,First Horizon Corporation Common Stock,1,Buy,,
1160,BFAM,Bright Horizons Family Solutions Inc. Common Stock,1,Buy,,
1161,CHDN,Churchill Downs Incorporated Common Stock,1,Strong Buy,,
1162,SEIC,SEI Investments Company Common Stock,1,Buy,,
1163,MKSI,MKS Instruments Inc. Common Stock,1,Strong Buy,,
1164,AGNC,AGNC Investment Corp. Common Stock,1,Buy,,
1165,PNW,Pinnacle West Capital Corporation Common Stock,1,Buy,,
1166,ERIE,Erie Indemnity Company Class A Common Stock,1,Buy,,
1167,REXR,Rexford Industrial Realty Inc. Common Stock,1,Buy,,
1168,VRT,Vertiv Holdings LLC Class A Common Stock,1,Strong Buy,,
1169,NYT,New York Times Company (The) Common Stock,1,Strong Buy,,
1170,CIEN,Ciena Corporation Common Stock,1,Strong Buy,,
1171,ATR,AptarGroup Inc. Common Stock,1,Strong Buy,,
1172,ARMK,Aramark Common Stock,1,Strong Buy,,
1173,RL,Ralph Lauren Corporation Common Stock,1,Strong Buy,,
1174,GMED,Globus Medical Inc. Class A Common Stock,1,Strong Buy,,
1175,JAZZ,Jazz Pharmaceuticals plc Common Stock (Ireland),1,Strong Buy,,
1176,SMG,Scotts Miracle-Gro Company (The) Common Stock,1,Buy,,
1177,HII,Huntington Ingalls Industries Inc. Common Stock,1,Buy,,
1178,LECO,Lincoln Electric Holdings Inc. Common Shares,1,Buy,,
1179,OLN,Olin Corporation Common Stock,1,Buy,,
1180,NNN,NNN REIT Inc. Common Stock,1,Buy,,
1181,AN,AutoNation Inc. Common Stock,1,Strong Buy,,
1182,CPRI,Capri Holdings Limited Ordinary Shares,1,Buy,,
1183,ITT,ITT Inc. Common Stock ,1,Strong Buy,,
1184,PVH,PVH Corp. Common Stock,1,Strong Buy,,
1185,CBSH,Commerce Bancshares Inc. Common Stock,1,Buy,,
1186,APA,APA Corporation Common Stock,1,Buy,,
1187,WWD,Woodward Inc. Common Stock,1,Buy,,
1188,EQT,EQT Corporation Common Stock,1,Strong Buy,,
1189,TNDM,Tandem Diabetes Care Inc. Common Stock,1,Strong Buy,,
1190,RGA,Reinsurance Group of America Incorporated Common Stock,1,Strong Buy,,
1191,OHI,Omega Healthcare Investors Inc. Common Stock,1,Buy,,
1192,WEX,WEX Inc. common stock,1,Strong Buy,,
1193,GNTX,Gentex Corporation Common Stock,1,Buy,,
1194,EHC,Encompass Health Corporation Common Stock,1,Strong Buy,,
1195,KRC,Kilroy Realty Corporation Common Stock,1,Buy,,
1196,PSTG,Pure Storage Inc. Class A Common Stock,1,Strong Buy,,
1197,DCI,Donaldson Company Inc. Common Stock,1,Buy,,
1198,BC,Brunswick Corporation Common Stock,1,Strong Buy,,
1199,OSK,Oshkosh Corporation (Holding Company)Common Stock,1,Buy,,
1200,CHE,Chemed Corp,1,Strong Buy,,
1201,FAF,First American Corporation (New) Common Stock,1,Buy,,
1202,DNB,Dun & Bradstreet Holdings Inc. Common Stock,1,Buy,,
1203,WMS,Advanced Drainage Systems Inc. Common Stock,1,Strong Buy,,
1204,OMF,OneMain Holdings Inc. Common Stock,1,Strong Buy,,
1205,PII,Polaris Inc. Common Stock,1,Buy,,
1206,USFD,US Foods Holding Corp. Common Stock,1,Strong Buy,,
1207,PAG,Penske Automotive Group Inc. Common Stock,1,Buy,,
1208,TOL,Toll Brothers Inc. Common Stock,1,Buy,,
1209,NCNO,nCino Inc. Common Stock,1,Strong Buy,,
1210,BLD,TopBuild Corp. Common Stock,1,Strong Buy,,
1211,FCNCA,First Citizens BancShares Inc. Class A Common Stock,1,Buy,,
1212,RGLD,Royal Gold Inc. Common Stock,1,Buy,,
1213,MAT,Mattel Inc. Common Stock,1,Strong Buy,,
1214,BEPC,Brookfield Renewable Corporation Class A Subordinate Voting Shares ,1,Buy,,
1215,ORI,Old Republic International Corporation Common Stock,1,Buy,,
1216,CFR,Cullen/Frost Bankers Inc. Common Stock,1,Buy,,
1217,STWD,STARWOOD PROPERTY TRUST INC. Starwood Property Trust Inc.,1,Strong Buy,,
1218,VOYA,Voya Financial Inc. Common Stock,1,Buy,,
1219,CASY,Casey's General Stores Inc. Common Stock,1,Strong Buy,,
1220,ALK,Alaska Air Group Inc. Common Stock,1,Strong Buy,,
1221,SHC,Sotera Health Company Common Stock,1,Strong Buy,,
1222,NVST,Envista Holdings Corporation Common Stock,1,Buy,,
1223,FR,First Industrial Realty Trust Inc. Common Stock,1,Buy,,
1224,PNFP,Pinnacle Financial Partners Inc. Common Stock,1,Strong Buy,,
1225,SF,Stifel Financial Corporation Common Stock,1,Buy,,
1226,BRX,Brixmor Property Group Inc. Common Stock,1,Strong Buy,,
1227,OGE,OGE Energy Corp Common Stock,1,Buy,,
1228,X,United States Steel Corporation Common Stock,1,Strong Buy,,
1229,ALGM,Allegro MicroSystems Inc. Common Stock,1,Strong Buy,,
1230,MTZ,MasTec Inc. Common Stock,1,Strong Buy,,
1231,POST,Post Holdings Inc. Common Stock,1,Strong Buy,,
1232,PPC,Pilgrim's Pride Corporation Common Stock,1,Buy,,
1233,WH,Wyndham Hotels & Resorts Inc. Common Stock ,1,Strong Buy,,
1234,EEFT,Euronet Worldwide Inc. Common Stock,1,Strong Buy,,
1235,CHH,Choice Hotels International Inc. Common Stock,1,Buy,,
1236,RNR,RenaissanceRe Holdings Ltd. Common Stock,1,Buy,,
1237,SRPT,Sarepta Therapeutics Inc. Common Stock (DE),1,Strong Buy,,
1238,AXTA,Axalta Coating Systems Ltd. Common Shares,1,Strong Buy,,
1239,LFUS,Littelfuse Inc. Common Stock,1,Buy,,
1240,BYD,Boyd Gaming Corporation Common Stock,1,Buy,,
1241,COLM,Columbia Sportswear Company Common Stock,1,Buy,,
1242,AMG,Affiliated Managers Group Inc. Common Stock,1,Strong Buy,,
1243,CHPT,ChargePoint Holdings Inc. Common Stock,1,Buy,,
1244,VAC,Marriott Vacations Worldwide Corporation Common Stock,1,Buy,,
1245,COR,Cencora Inc. Common Stock,1,Strong Buy,,
1246,RARE,Ultragenyx Pharmaceutical Inc. Common Stock,1,Strong Buy,,
1247,PLNT,Planet Fitness Inc. Common Stock,1,Strong Buy,,
1248,MAN,ManpowerGroup Common Stock,1,Buy,,
1249,EXEL,Exelixis Inc. Common Stock,1,Strong Buy,,
1250,COTY,Coty Inc. Class A Common Stock,1,Buy,,
1251,MDU,MDU Resources Group Inc. Common Stock (Holding Company),1,Strong Buy,,
1252,LITE,Lumentum Holdings Inc. Common Stock,1,Buy,,
1253,DLB,Dolby Laboratories Common Stock,1,Strong Buy,,
1254,NXST,Nexstar Media Group Inc. Common Stock,1,Strong Buy,,
1255,COHR,Coherent Corp. Common Stock,1,Strong Buy,,
1256,SNX,TD SYNNEX Corporation Common Stock,1,Strong Buy,,
1257,VNT,Vontier Corporation Common Stock ,1,Strong Buy,,
1258,LSTR,Landstar System Inc. Common Stock,1,Buy,,
1259,PB,Prosperity Bancshares Inc. Common Stock,1,Strong Buy,,
1260,SKX,Skechers U.S.A. Inc. Common Stock,1,Strong Buy,,
1261,QDEL,QuidelOrtho Corporation Common Stock,1,Buy,,
1262,SON,Sonoco Products Company Common Stock,1,Buy,,
1263,ADT,ADT Inc. Common Stock,1,Buy,,
1264,THO,Thor Industries Inc. Common Stock,1,Buy,,
1265,AYI,Acuity Brands Inc. ,1,Buy,,
1266,RBC,RBC Bearings Incorporated Common Stock,1,Strong Buy,,
1267,MSA,MSA Safety Incorporated Common Stock,1,Buy,,
1268,HUN,Huntsman Corporation Common Stock,1,Buy,,
1269,IBKR,Interactive Brokers Group Inc. Class A Common Stock,1,Strong Buy,,
1270,PRGO,Perrigo Company plc Ordinary Shares,1,Strong Buy,,
1271,GPK,Graphic Packaging Holding Company,1,Strong Buy,,
1272,EXP,Eagle Materials Inc Common Stock,1,Strong Buy,,
1273,NYCB,New York Community Bancorp Inc. Common Stock,1,Buy,,
1274,HOG,Harley-Davidson Inc. Common Stock,1,Buy,,
1275,CACI,CACI International Inc. Class A Common Stock,1,Strong Buy,,
1276,BPOP,Popular Inc. Common Stock,1,Strong Buy,,
1277,FRPT,Freshpet Inc. Common Stock,1,Strong Buy,,
1278,INGR,Ingredion Incorporated Common Stock,1,Strong Buy,,
1279,PRI,Primerica Inc. Common Stock,1,Buy,,
1280,NFE,New Fortress Energy Inc. Class A Common Stock,1,Buy,,
1281,AZEK,The AZEK Company Inc. Class A Common Stock,1,Strong Buy,,
1282,BOKF,BOK Financial Corporation Common Stock,1,Buy,,
1283,REYN,Reynolds Consumer Products Inc. Common Stock,1,Buy,,
1284,VVV,Valvoline Inc. Common Stock,1,Strong Buy,,
1285,LPX,Louisiana-Pacific Corporation Common Stock,1,Buy,,
1286,DEI,Douglas Emmett Inc. Common Stock,1,Buy,,
1287,SNV,Synovus Financial Corp. Common Stock,1,Strong Buy,,
1288,DV,DoubleVerify Holdings Inc. Common Stock,1,Strong Buy,,
1289,ASH,Ashland Inc. Common Stock,1,Strong Buy,,
1290,CR,Crane Company Common Stock,1,Strong Buy,,
1291,TDC,Teradata Corporation Common Stock,1,Buy,,
1292,CUZ,Cousins Properties Incorporated Common Stock,1,Buy,,
1293,NVT,nVent Electric plc Ordinary Shares ,1,Strong Buy,,
1294,EVR,Evercore Inc. Class A Common Stock,1,Buy,,
1295,AMED,Amedisys Inc Common Stock,1,Buy,,
1296,CERT,Certara Inc. Common Stock,1,Buy,,
1297,MRVI,Maravai LifeSciences Holdings Inc. Class A Common Stock,1,Strong Buy,,
1298,CLH,Clean Harbors Inc. Common Stock,1,Strong Buy,,
1299,SLM,SLM Corporation Common Stock,1,Strong Buy,,
1300,NOV,NOV Inc. Common Stock,1,Buy,,
1301,SAM,Boston Beer Company Inc. (The) Common Stock,1,Buy,,
1302,NCLH,Norwegian Cruise Line Holdings Ltd. Ordinary Shares,1,Buy,,
1303,TKR,Timken Company (The) Common Stock,1,Buy,,
1304,ESI,Element Solutions Inc. Common Stock,1,Strong Buy,,
1305,ACHC,Acadia Healthcare Company Inc. Common Stock,1,Strong Buy,,
1306,LAZ,Lazard Inc. Common Stock,1,Buy,,
1307,UNM,Unum Group Common Stock,1,Strong Buy,,
1308,VMEO,Vimeo Inc. Common Stock,1,Buy,,
1309,VMI,Valmont Industries Inc. Common Stock,1,Strong Buy,,
1310,IONS,Ionis Pharmaceuticals Inc. Common Stock,1,Strong Buy,,
1311,CC,Chemours Company (The) Common Stock,1,Buy,,
1312,BWXT,BWX Technologies Inc. Common Stock,1,Strong Buy,,
1313,ICUI,ICU Medical Inc. Common Stock,1,Buy,,
1314,ADPT,Adaptive Biotechnologies Corporation Common Stock,1,Strong Buy,,
1315,RYN,Rayonier Inc. REIT Common Stock,1,Buy,,
1316,MTG,MGIC Investment Corporation Common Stock,1,Buy,,
1317,WOOF,Petco Health and Wellness Company Inc. Class A Common Stock,1,Buy,,
1318,CRUS,Cirrus Logic Inc. Common Stock,1,Strong Buy,,
1319,DRVN,Driven Brands Holdings Inc. Common Stock,1,Strong Buy,,
1320,WEN,Wendy's Company (The) Common Stock,1,Buy,,
1321,AI,C3.ai Inc. Class A Common Stock,1,Buy,,
1322,SAIC,Science Applications International Corporation Common Stock,1,Buy,,
1323,HXL,Hexcel Corporation Common Stock,1,Buy,,
1324,GTES,Gates Industrial Corporation plc Ordinary Shares,1,Strong Buy,,
1325,HLF,Herbalife Ltd. Common Shares,1,Buy,,
1326,TNL,Travel   Leisure Co. Common  Stock,1,Buy,,
1327,NFG,National Fuel Gas Company Common Stock,1,Buy,,
1328,SLG,SL Green Realty Corp Common Stock,1,Buy,,
1329,AWI,Armstrong World Industries Inc Common Stock,1,Buy,,
1330,THG,Hanover Insurance Group Inc,1,Strong Buy,,
1331,CW,Curtiss-Wright Corporation Common Stock,1,Strong Buy,,
1332,FLS,Flowserve Corporation Common Stock,1,Buy,,
1333,HIW,Highwoods Properties Inc. Common Stock,1,Buy,,
1334,DTM,DT Midstream Inc. Common Stock ,1,Buy,,
1335,FCN,FTI Consulting Inc. Common Stock,1,Strong Buy,,
1336,HAYW,Hayward Holdings Inc. Common Stock,1,Buy,,
1337,PK,Park Hotels & Resorts Inc. Common Stock ,1,Buy,,
1338,SLGN,Silgan Holdings Inc. Common Stock,1,Strong Buy,,
1339,HRB,H&R Block Inc. Common Stock,1,Buy,,
1340,OLLI,Ollie's Bargain Outlet Holdings Inc. Common Stock,1,Strong Buy,,
1341,JAMF,Jamf Holding Corp. Common Stock,1,Strong Buy,,
1342,WBS,Webster Financial Corporation Common Stock,1,Strong Buy,,
1343,AL,Air Lease Corporation Class A Common Stock,1,Strong Buy,,
1344,R,Ryder System Inc. Common Stock,1,Strong Buy,,
1345,LESL,Leslie's Inc. Common Stock,1,Buy,,
1346,WTFC,Wintrust Financial Corporation Common Stock,1,Strong Buy,,
1347,KMPR,Kemper Corporation,1,Strong Buy,,
1348,SPR,Spirit Aerosystems Holdings Inc. Common Stock,1,Buy,,
1349,SKLZ,Skillz Inc. Class A Common Stock,1,Buy,,
1350,SPB,Spectrum Brands Holdings Inc. Common Stock,1,Buy,,
1351,HPP,Hudson Pacific Properties Inc. Common Stock,1,Buy,,
1352,AXS,Axis Capital Holdings Limited Common Stock,1,Buy,,
1353,LOPE,Grand Canyon Education Inc. Common Stock,1,Strong Buy,,
1354,FTDR,Frontdoor Inc. Common Stock,1,Buy,,
1355,HAIN,Hain Celestial Group Inc. (The) Common Stock,1,Buy,,
1356,MSM,MSC Industrial Direct Company Inc. Common Stock,1,Buy,,
1357,IOVA,Iovance Biotherapeutics Inc. Common Stock,1,Strong Buy,,
1358,EPR,EPR Properties Common Stock,1,Buy,,
1359,FOUR,Shift4 Payments Inc. Class A Common Stock,1,Strong Buy,,
1360,SABR,Sabre Corporation Common Stock,1,Buy,,
1361,VSAT,ViaSat Inc. Common Stock,1,Buy,,
1362,MSGS,Madison Square Garden Sports Corp. Class A Common Stock (New),1,Strong Buy,,
1363,FNB,F.N.B. Corporation Common Stock,1,Strong Buy,,
1364,AGO,Assured Guaranty Ltd. Common Stock,1,Strong Buy,,
1365,SHLS,Shoals Technologies Group Inc. Class A Common Stock,1,Strong Buy,,
1366,KEX,Kirby Corporation Common Stock,1,Strong Buy,,
1367,MCY,Mercury General Corporation Common Stock,1,Buy,,
1368,H,Hyatt Hotels Corporation Class A Common Stock,1,Buy,,
1369,NKTR,Nektar Therapeutics  Common Stock,1,Buy,,
1370,VIRT,Virtu Financial Inc. Class A Common Stock,1,Buy,,
1371,SAGE,Sage Therapeutics Inc. Common Stock,1,Buy,,
1372,CPA,Copa Holdings S.A. Class A Common Stock,1,Strong Buy,,
1373,NABL,N-able Inc. Common Stock,1,Buy,,
1374,GO,Grocery Outlet Holding Corp. Common Stock,1,Buy,,
1375,SNDR,Schneider National Inc. Common Stock,1,Buy,,
1376,GOCO,GoHealth Inc. Class A Common Stock,1,Strong Buy,,
